[{"model": "contenttypes.contenttype", "pk": 1, "fields": {"app_label": "admin", "model": "logentry"}},
 {"model": "contenttypes.contenttype", "pk": 2, "fields": {"app_label": "auth", "model": "permission"}},
 {"model": "contenttypes.contenttype", "pk": 3, "fields": {"app_label": "auth", "model": "group"}},
 {"model": "contenttypes.contenttype", "pk": 4, "fields": {"app_label": "auth", "model": "user"}},
 {"model": "contenttypes.contenttype", "pk": 5, "fields": {"app_label": "contenttypes", "model": "contenttype"}},
 {"model": "contenttypes.contenttype", "pk": 6, "fields": {"app_label": "sessions", "model": "session"}},
 {"model": "contenttypes.contenttype", "pk": 7, "fields": {"app_label": "social_auth", "model": "usersocialauth"}},
 {"model": "contenttypes.contenttype", "pk": 8, "fields": {"app_label": "social_auth", "model": "nonce"}},
 {"model": "contenttypes.contenttype", "pk": 9, "fields": {"app_label": "social_auth", "model": "association"}},
 {"model": "contenttypes.contenttype", "pk": 10, "fields": {"app_label": "social_auth", "model": "code"}},
 {"model": "contenttypes.contenttype", "pk": 11, "fields": {"app_label": "polling", "model": "state"}},
 {"model": "contenttypes.contenttype", "pk": 12, "fields": {"app_label": "users", "model": "pairproposal"}},
 {"model": "contenttypes.contenttype", "pk": 13, "fields": {"app_label": "users", "model": "profile"}},
 {"model": "polling.state", "pk": 1, "fields": {"name": "Alabama", "updated": "2016-09-11T00:00:00Z", "abbv": "AL", "tipping_point_rank": -1, "safe_for": "Trump", "safe_rank": 4, "leans": "", "lean_rank": -1}},
 {"model": "polling.state", "pk": 2, "fields": {"name": "Alaska", "updated": "2016-09-11T00:00:00Z", "abbv": "AK", "tipping_point_rank": -1, "safe_for": "Trump", "safe_rank": 17, "leans": "", "lean_rank": -1}},
 {"model": "polling.state", "pk": 3, "fields": {"name": "Arizona", "updated": "2016-09-11T00:00:00Z", "abbv": "AZ", "tipping_point_rank": -1, "safe_for": "Trump", "safe_rank": 23, "leans": "", "lean_rank": -1}},
 {"model": "polling.state", "pk": 4, "fields": {"name": "Arkansas", "updated": "2016-09-11T00:00:00Z", "abbv": "AR", "tipping_point_rank": -1, "safe_for": "Trump", "safe_rank": 13, "leans": "", "lean_rank": -1}},
 {"model": "polling.state", "pk": 5, "fields": {"name": "California", "updated": "2016-09-11T00:00:00Z", "abbv": "CA", "tipping_point_rank": -1, "safe_for": "Clinton", "safe_rank": 5, "leans": "", "lean_rank": -1}},
 {"model": "polling.state", "pk": 6, "fields": {"name": "Colorado", "updated": "2016-09-11T00:00:00Z", "abbv": "CO", "tipping_point_rank": 8, "safe_for": "", "safe_rank": -1, "leans": "Clinton", "lean_rank": 8}},
 {"model": "polling.state", "pk": 7, "fields": {"name": "Connecticut", "updated": "2016-09-11T00:00:00Z", "abbv": "CT", "tipping_point_rank": -1, "safe_for": "Clinton", "safe_rank": 11, "leans": "", "lean_rank": -1}},
 {"model": "polling.state", "pk": 8, "fields": {"name": "Delaware", "updated": "2016-09-11T00:00:00Z", "abbv": "DE", "tipping_point_rank": -1, "safe_for": "Clinton", "safe_rank": 12, "leans": "", "lean_rank": -1}},
 {"model": "polling.state", "pk": 9, "fields": {"name": "District of Columbia", "updated": "2016-09-11T00:00:00Z", "abbv": "DC", "tipping_point_rank": -1, "safe_for": "Clinton", "safe_rank": 1, "leans": "", "lean_rank": -1}},
 {"model": "polling.state", "pk": 10, "fields": {"name": "Florida", "updated": "2016-09-11T00:00:00Z", "abbv": "FL", "tipping_point_rank": 1, "safe_for": "", "safe_rank": -1, "leans": "Clinton", "lean_rank": 4}},
 {"model": "polling.state", "pk": 11, "fields": {"name": "Georgia", "updated": "2016-09-11T00:00:00Z", "abbv": "GA", "tipping_point_rank": -1, "safe_for": "Trump", "safe_rank": 22, "leans": "", "lean_rank": -1}},
 {"model": "polling.state", "pk": 12, "fields": {"name": "Hawaii", "updated": "2016-09-11T00:00:00Z", "abbv": "HI", "tipping_point_rank": -1, "safe_for": "Clinton", "safe_rank": 2, "leans": "", "lean_rank": -1}},
 {"model": "polling.state", "pk": 13, "fields": {"name": "Idaho", "updated": "2016-09-11T00:00:00Z", "abbv": "ID", "tipping_point_rank": -1, "safe_for": "Trump", "safe_rank": 6, "leans": "", "lean_rank": -1}},
 {"model": "polling.state", "pk": 14, "fields": {"name": "Illinois", "updated": "2016-09-11T00:00:00Z", "abbv": "IL", "tipping_point_rank": -1, "safe_for": "Clinton", "safe_rank": 9, "leans": "", "lean_rank": -1}},
 {"model": "polling.state", "pk": 15, "fields": {"name": "Indiana", "updated": "2016-09-11T00:00:00Z", "abbv": "IN", "tipping_point_rank": -1, "safe_for": "Trump", "safe_rank": 14, "leans": "", "lean_rank": -1}},
 {"model": "polling.state", "pk": 16, "fields": {"name": "Iowa", "updated": "2016-09-11T00:00:00Z", "abbv": "IA", "tipping_point_rank": -1, "safe_for": "", "safe_rank": -1, "leans": "Clinton", "lean_rank": 1}},
 {"model": "polling.state", "pk": 17, "fields": {"name": "Kansas", "updated": "2016-09-11T00:00:00Z", "abbv": "KS", "tipping_point_rank": -1, "safe_for": "Trump", "safe_rank": 18, "leans": "", "lean_rank": -1}},
 {"model": "polling.state", "pk": 18, "fields": {"name": "Kentucky", "updated": "2016-09-11T00:00:00Z", "abbv": "KY", "tipping_point_rank": -1, "safe_for": "Trump", "safe_rank": 9, "leans": "", "lean_rank": -1}},
 {"model": "polling.state", "pk": 19, "fields": {"name": "Louisiana", "updated": "2016-09-11T00:00:00Z", "abbv": "LA", "tipping_point_rank": -1, "safe_for": "Trump", "safe_rank": 8, "leans": "", "lean_rank": -1}},
 {"model": "polling.state", "pk": 20, "fields": {"name": "Maine", "updated": "2016-09-11T00:00:00Z", "abbv": "ME", "tipping_point_rank": -1, "safe_for": "Clinton", "safe_rank": 16, "leans": "", "lean_rank": -1}},
 {"model": "polling.state", "pk": 21, "fields": {"name": "Maryland", "updated": "2016-09-11T00:00:00Z", "abbv": "MD", "tipping_point_rank": -1, "safe_for": "Clinton", "safe_rank": 3, "leans": "", "lean_rank": -1}},
 {"model": "polling.state", "pk": 22, "fields": {"name": "Massachusetts", "updated": "2016-09-11T00:00:00Z", "abbv": "MA", "tipping_point_rank": -1, "safe_for": "Clinton", "safe_rank": 6, "leans": "", "lean_rank": -1}},
 {"model": "polling.state", "pk": 23, "fields": {"name": "Michigan", "updated": "2016-09-11T00:00:00Z", "abbv": "MI", "tipping_point_rank": 4, "safe_for": "", "safe_rank": -1, "leans": "Clinton", "lean_rank": 10}},
 {"model": "polling.state", "pk": 24, "fields": {"name": "Minnesota", "updated": "2016-09-11T00:00:00Z", "abbv": "MN", "tipping_point_rank": 10, "safe_for": "", "safe_rank": -1, "leans": "Clinton", "lean_rank": 12}},
 {"model": "polling.state", "pk": 25, "fields": {"name": "Mississippi", "updated": "2016-09-11T00:00:00Z", "abbv": "MS", "tipping_point_rank": -1, "safe_for": "Trump", "safe_rank": 12, "leans": "", "lean_rank": -1}},
 {"model": "polling.state", "pk": 26, "fields": {"name": "Missouri", "updated": "2016-09-11T00:00:00Z", "abbv": "MO", "tipping_point_rank": -1, "safe_for": "Trump", "safe_rank": 20, "leans": "", "lean_rank": -1}},
 {"model": "polling.state", "pk": 27, "fields": {"name": "Montana", "updated": "2016-09-11T00:00:00Z", "abbv": "MT", "tipping_point_rank": -1, "safe_for": "Trump", "safe_rank": 16, "leans": "", "lean_rank": -1}},
 {"model": "polling.state", "pk": 28, "fields": {"name": "Nebraska", "updated": "2016-09-11T00:00:00Z", "abbv": "NE", "tipping_point_rank": -1, "safe_for": "Trump", "safe_rank": 10, "leans": "", "lean_rank": -1}},
 {"model": "polling.state", "pk": 29, "fields": {"name": "Nevada", "updated": "2016-09-11T00:00:00Z", "abbv": "NV", "tipping_point_rank": 9, "safe_for": "", "safe_rank": -1, "leans": "Clinton", "lean_rank": 5}},
 {"model": "polling.state", "pk": 30, "fields": {"name": "New Hampshire", "updated": "2016-09-11T00:00:00Z", "abbv": "NH", "tipping_point_rank": -1, "safe_for": "", "safe_rank": -1, "leans": "Clinton", "lean_rank": 6}},
 {"model": "polling.state", "pk": 31, "fields": {"name": "New Jersey", "updated": "2016-09-11T00:00:00Z", "abbv": "NJ", "tipping_point_rank": -1, "safe_for": "Clinton", "safe_rank": 15, "leans": "", "lean_rank": -1}},
 {"model": "polling.state", "pk": 32, "fields": {"name": "New Mexico", "updated": "2016-09-11T00:00:00Z", "abbv": "NM", "tipping_point_rank": -1, "safe_for": "", "safe_rank": -1, "leans": "Clinton", "lean_rank": 12}},
 {"model": "polling.state", "pk": 33, "fields": {"name": "New York", "updated": "2016-09-11T00:00:00Z", "abbv": "NY", "tipping_point_rank": -1, "safe_for": "Clinton", "safe_rank": 8, "leans": "", "lean_rank": -1}},
 {"model": "polling.state", "pk": 34, "fields": {"name": "North Carolina", "updated": "2016-09-11T00:00:00Z", "abbv": "NC", "tipping_point_rank": 5, "safe_for": "", "safe_rank": -1, "leans": "Clinton", "lean_rank": 2}},
 {"model": "polling.state", "pk": 35, "fields": {"name": "North Dakota", "updated": "2016-09-11T00:00:00Z", "abbv": "ND", "tipping_point_rank": -1, "safe_for": "Trump", "safe_rank": 5, "leans": "", "lean_rank": -1}},
 {"model": "polling.state", "pk": 36, "fields": {"name": "Ohio", "updated": "2016-09-11T00:00:00Z", "abbv": "OH", "tipping_point_rank": 2, "safe_for": "", "safe_rank": -1, "leans": "Clinton", "lean_rank": 3}},
 {"model": "polling.state", "pk": 37, "fields": {"name": "Oklahoma", "updated": "2016-09-11T00:00:00Z", "abbv": "OK", "tipping_point_rank": -1, "safe_for": "Trump", "safe_rank": 2, "leans": "", "lean_rank": -1}},
 {"model": "polling.state", "pk": 38, "fields": {"name": "Oregon", "updated": "2016-09-11T00:00:00Z", "abbv": "OR", "tipping_point_rank": -1, "safe_for": "Clinton", "safe_rank": 13, "leans": "", "lean_rank": -1}},
 {"model": "polling.state", "pk": 39, "fields": {"name": "Pennsylvania", "updated": "2016-09-11T00:00:00Z", "abbv": "PA", "tipping_point_rank": 3, "safe_for": "", "safe_rank": -1, "leans": "Clinton", "lean_rank": 7}},
 {"model": "polling.state", "pk": 40, "fields": {"name": "Rhode Island", "updated": "2016-09-11T00:00:00Z", "abbv": "RI", "tipping_point_rank": -1, "safe_for": "Clinton", "safe_rank": 14, "leans": "", "lean_rank": -1}},
 {"model": "polling.state", "pk": 41, "fields": {"name": "South Carolina", "updated": "2016-09-11T00:00:00Z", "abbv": "SC", "tipping_point_rank": -1, "safe_for": "Trump", "safe_rank": 21, "leans": "", "lean_rank": -1}},
 {"model": "polling.state", "pk": 42, "fields": {"name": "South Dakota", "updated": "2016-09-11T00:00:00Z", "abbv": "SD", "tipping_point_rank": -1, "safe_for": "Trump", "safe_rank": 15, "leans": "", "lean_rank": -1}},
 {"model": "polling.state", "pk": 43, "fields": {"name": "Tennessee", "updated": "2016-09-11T00:00:00Z", "abbv": "TN", "tipping_point_rank": -1, "safe_for": "Trump", "safe_rank": 7, "leans": "", "lean_rank": -1}},
 {"model": "polling.state", "pk": 44, "fields": {"name": "Texas", "updated": "2016-09-11T00:00:00Z", "abbv": "TX", "tipping_point_rank": -1, "safe_for": "Trump", "safe_rank": 19, "leans": "", "lean_rank": -1}},
 {"model": "polling.state", "pk": 45, "fields": {"name": "Utah", "updated": "2016-09-11T00:00:00Z", "abbv": "UT", "tipping_point_rank": -1, "safe_for": "Trump", "safe_rank": 11, "leans": "", "lean_rank": -1}},
 {"model": "polling.state", "pk": 46, "fields": {"name": "Vermont", "updated": "2016-09-11T00:00:00Z", "abbv": "VT", "tipping_point_rank": -1, "safe_for": "Clinton", "safe_rank": 4, "leans": "", "lean_rank": -1}},
 {"model": "polling.state", "pk": 47, "fields": {"name": "Virginia", "updated": "2016-09-11T00:00:00Z", "abbv": "VA", "tipping_point_rank": 6, "safe_for": "", "safe_rank": -1, "leans": "Clinton", "lean_rank": 11}},
 {"model": "polling.state", "pk": 48, "fields": {"name": "Washington", "updated": "2016-09-11T00:00:00Z", "abbv": "WA", "tipping_point_rank": -1, "safe_for": "Clinton", "safe_rank": 10, "leans": "", "lean_rank": -1}},
 {"model": "polling.state", "pk": 49, "fields": {"name": "West Virginia", "updated": "2016-09-11T00:00:00Z", "abbv": "WV", "tipping_point_rank": -1, "safe_for": "Trump", "safe_rank": 3, "leans": "", "lean_rank": -1}},
 {"model": "polling.state", "pk": 50, "fields": {"name": "Wisconsin", "updated": "2016-09-11T00:00:00Z", "abbv": "WI", "tipping_point_rank": 7, "safe_for": "", "safe_rank": -1, "leans": "Clinton", "lean_rank": 9}},
 {"model": "polling.state", "pk": 51, "fields": {"name": "Wyoming", "updated": "2016-09-11T00:00:00Z", "abbv": "WY", "tipping_point_rank": -1, "safe_for": "Trump", "safe_rank": 1, "leans": "", "lean_rank": -1}},
 {"model": "auth.permission", "pk": 1, "fields": {"name": "Can add log entry", "content_type": 1, "codename": "add_logentry"}},
 {"model": "auth.permission", "pk": 2, "fields": {"name": "Can change log entry", "content_type": 1, "codename": "change_logentry"}},
 {"model": "auth.permission", "pk": 3, "fields": {"name": "Can delete log entry", "content_type": 1, "codename": "delete_logentry"}},
 {"model": "auth.permission", "pk": 4, "fields": {"name": "Can add permission", "content_type": 2, "codename": "add_permission"}},
 {"model": "auth.permission", "pk": 5, "fields": {"name": "Can change permission", "content_type": 2, "codename": "change_permission"}},
 {"model": "auth.permission", "pk": 6, "fields": {"name": "Can delete permission", "content_type": 2, "codename": "delete_permission"}},
 {"model": "auth.permission", "pk": 7, "fields": {"name": "Can add group", "content_type": 3, "codename": "add_group"}},
 {"model": "auth.permission", "pk": 8, "fields": {"name": "Can change group", "content_type": 3, "codename": "change_group"}},
 {"model": "auth.permission", "pk": 9, "fields": {"name": "Can delete group", "content_type": 3, "codename": "delete_group"}},
 {"model": "auth.permission", "pk": 10, "fields": {"name": "Can add user", "content_type": 4, "codename": "add_user"}},
 {"model": "auth.permission", "pk": 11, "fields": {"name": "Can change user", "content_type": 4, "codename": "change_user"}},
 {"model": "auth.permission", "pk": 12, "fields": {"name": "Can delete user", "content_type": 4, "codename": "delete_user"}},
 {"model": "auth.permission", "pk": 13, "fields": {"name": "Can add content type", "content_type": 5, "codename": "add_contenttype"}},
 {"model": "auth.permission", "pk": 14, "fields": {"name": "Can change content type", "content_type": 5, "codename": "change_contenttype"}},
 {"model": "auth.permission", "pk": 15, "fields": {"name": "Can delete content type", "content_type": 5, "codename": "delete_contenttype"}},
 {"model": "auth.permission", "pk": 16, "fields": {"name": "Can add session", "content_type": 6, "codename": "add_session"}},
 {"model": "auth.permission", "pk": 17, "fields": {"name": "Can change session", "content_type": 6, "codename": "change_session"}},
 {"model": "auth.permission", "pk": 18, "fields": {"name": "Can delete session", "content_type": 6, "codename": "delete_session"}},
 {"model": "auth.permission", "pk": 19, "fields": {"name": "Can add user social auth", "content_type": 7, "codename": "add_usersocialauth"}},
 {"model": "auth.permission", "pk": 20, "fields": {"name": "Can change user social auth", "content_type": 7, "codename": "change_usersocialauth"}},
 {"model": "auth.permission", "pk": 21, "fields": {"name": "Can delete user social auth", "content_type": 7, "codename": "delete_usersocialauth"}},
 {"model": "auth.permission", "pk": 22, "fields": {"name": "Can add nonce", "content_type": 8, "codename": "add_nonce"}},
 {"model": "auth.permission", "pk": 23, "fields": {"name": "Can change nonce", "content_type": 8, "codename": "change_nonce"}},
 {"model": "auth.permission", "pk": 24, "fields": {"name": "Can delete nonce", "content_type": 8, "codename": "delete_nonce"}},
 {"model": "auth.permission", "pk": 25, "fields": {"name": "Can add association", "content_type": 9, "codename": "add_association"}},
 {"model": "auth.permission", "pk": 26, "fields": {"name": "Can change association", "content_type": 9, "codename": "change_association"}},
 {"model": "auth.permission", "pk": 27, "fields": {"name": "Can delete association", "content_type": 9, "codename": "delete_association"}},
 {"model": "auth.permission", "pk": 28, "fields": {"name": "Can add code", "content_type": 10, "codename": "add_code"}},
 {"model": "auth.permission", "pk": 29, "fields": {"name": "Can change code", "content_type": 10, "codename": "change_code"}},
 {"model": "auth.permission", "pk": 30, "fields": {"name": "Can delete code", "content_type": 10, "codename": "delete_code"}},
 {"model": "auth.permission", "pk": 31, "fields": {"name": "Can add state", "content_type": 11, "codename": "add_state"}},
 {"model": "auth.permission", "pk": 32, "fields": {"name": "Can change state", "content_type": 11, "codename": "change_state"}},
 {"model": "auth.permission", "pk": 33, "fields": {"name": "Can delete state", "content_type": 11, "codename": "delete_state"}},
 {"model": "auth.permission", "pk": 34, "fields": {"name": "Can add pair proposal", "content_type": 12, "codename": "add_pairproposal"}},
 {"model": "auth.permission", "pk": 35, "fields": {"name": "Can change pair proposal", "content_type": 12, "codename": "change_pairproposal"}},
 {"model": "auth.permission", "pk": 36, "fields": {"name": "Can delete pair proposal", "content_type": 12, "codename": "delete_pairproposal"}},
 {"model": "auth.permission", "pk": 37, "fields": {"name": "Can add profile", "content_type": 13, "codename": "add_profile"}},
 {"model": "auth.permission", "pk": 38, "fields": {"name": "Can change profile", "content_type": 13, "codename": "change_profile"}},
 {"model": "auth.permission", "pk": 39, "fields": {"name": "Can delete profile", "content_type": 13, "codename": "delete_profile"}},
 {"model": "auth.user", "pk": 1, "fields": {"password": "pbkdf2_sha256$24000$t10sCWg95Ev5$MIK89ia6afxFAeZ34gxRM/LofciGDT2voIMD2kPsy2k=", "last_login": null, "is_superuser": true, "username": "admin", "first_name": "", "last_name": "", "email": "admin@voteswap.us", "is_staff": true, "is_active": true, "date_joined": "2016-09-25T02:05:12.651Z", "groups": [], "user_permissions": []}},
 {"model": "auth.user", "pk": 2, "fields": {"password": "", "last_login": null, "is_superuser": false, "username": "anthony.harrison.0", "first_name": "Anthony", "last_name": "Harrison", "email": "anthony.harrison.0@gmail.com", "is_staff": false, "is_active": true, "date_joined": "2016-09-25T02:05:30.543Z", "groups": [], "user_permissions": []}},
 {"model": "auth.user", "pk": 3, "fields": {"password": "", "last_login": null, "is_superuser": false, "username": "sara.thomas.1", "first_name": "Sara", "last_name": "Thomas", "email": "sara.thomas.1@gmail.com", "is_staff": false, "is_active": true, "date_joined": "2016-09-25T02:05:30.594Z", "groups": [], "user_permissions": []}},
 {"model": "auth.user", "pk": 4, "fields": {"password": "", "last_login": null, "is_superuser": false, "username": "sherry.levine.2", "first_name": "Sherry", "last_name": "Levine", "email": "sherry.levine.2@gmail.com", "is_staff": false, "is_active": true, "date_joined": "2016-09-25T02:05:30.653Z", "groups": [], "user_permissions": []}},
 {"model": "auth.user", "pk": 5, "fields": {"password": "", "last_login": null, "is_superuser": false, "username": "tina.bowers.3", "first_name": "Tina", "last_name": "Bowers", "email": "tina.bowers.3@gmail.com", "is_staff": false, "is_active": true, "date_joined": "2016-09-25T02:05:30.686Z", "groups": [], "user_permissions": []}},
 {"model": "auth.user", "pk": 6, "fields": {"password": "", "last_login": null, "is_superuser": false, "username": "kevin.jones.4", "first_name": "Kevin", "last_name": "Jones", "email": "kevin.jones.4@gmail.com", "is_staff": false, "is_active": true, "date_joined": "2016-09-25T02:05:30.718Z", "groups": [], "user_permissions": []}},
 {"model": "auth.user", "pk": 7, "fields": {"password": "", "last_login": null, "is_superuser": false, "username": "jane.mcdaniel.5", "first_name": "Jane", "last_name": "Mcdaniel", "email": "jane.mcdaniel.5@gmail.com", "is_staff": false, "is_active": true, "date_joined": "2016-09-25T02:05:30.751Z", "groups": [], "user_permissions": []}},
 {"model": "auth.user", "pk": 8, "fields": {"password": "", "last_login": null, "is_superuser": false, "username": "russell.chavez.6", "first_name": "Russell", "last_name": "Chavez", "email": "russell.chavez.6@gmail.com", "is_staff": false, "is_active": true, "date_joined": "2016-09-25T02:05:30.788Z", "groups": [], "user_permissions": []}},
 {"model": "auth.user", "pk": 9, "fields": {"password": "", "last_login": null, "is_superuser": false, "username": "ryan.cabrera.7", "first_name": "Ryan", "last_name": "Cabrera", "email": "ryan.cabrera.7@gmail.com", "is_staff": false, "is_active": true, "date_joined": "2016-09-25T02:05:30.821Z", "groups": [], "user_permissions": []}},
 {"model": "auth.user", "pk": 10, "fields": {"password": "", "last_login": null, "is_superuser": false, "username": "teresa.weber.8", "first_name": "Teresa", "last_name": "Weber", "email": "teresa.weber.8@gmail.com", "is_staff": false, "is_active": true, "date_joined": "2016-09-25T02:05:30.853Z", "groups": [], "user_permissions": []}},
 {"model": "auth.user", "pk": 11, "fields": {"password": "", "last_login": null, "is_superuser": false, "username": "daniel.montgomery.9", "first_name": "Daniel", "last_name": "Montgomery", "email": "daniel.montgomery.9@gmail.com", "is_staff": false, "is_active": true, "date_joined": "2016-09-25T02:05:30.886Z", "groups": [], "user_permissions": []}},
 {"model": "auth.user", "pk": 12, "fields": {"password": "", "last_login": null, "is_superuser": false, "username": "jill.martinez.10", "first_name": "Jill", "last_name": "Martinez", "email": "jill.martinez.10@gmail.com", "is_staff": false, "is_active": true, "date_joined": "2016-09-25T02:05:30.918Z", "groups": [], "user_permissions": []}},
 {"model": "auth.user", "pk": 13, "fields": {"password": "", "last_login": null, "is_superuser": false, "username": "eddie.mcfarland.11", "first_name": "Eddie", "last_name": "Mcfarland", "email": "eddie.mcfarland.11@gmail.com", "is_staff": false, "is_active": true, "date_joined": "2016-09-25T02:05:30.951Z", "groups": [], "user_permissions": []}},
 {"model": "auth.user", "pk": 14, "fields": {"password": "", "last_login": null, "is_superuser": false, "username": "luis.hernandez.12", "first_name": "Luis", "last_name": "Hernandez", "email": "luis.hernandez.12@gmail.com", "is_staff": false, "is_active": true, "date_joined": "2016-09-25T02:05:30.987Z", "groups": [], "user_permissions": []}},
 {"model": "auth.user", "pk": 15, "fields": {"password": "", "last_login": null, "is_superuser": false, "username": "kimberly.york.13", "first_name": "Kimberly", "last_name": "York", "email": "kimberly.york.13@gmail.com", "is_staff": false, "is_active": true, "date_joined": "2016-09-25T02:05:31.018Z", "groups": [], "user_permissions": []}},
 {"model": "auth.user", "pk": 16, "fields": {"password": "", "last_login": null, "is_superuser": false, "username": "april.holt.14", "first_name": "April", "last_name": "Holt", "email": "april.holt.14@gmail.com", "is_staff": false, "is_active": true, "date_joined": "2016-09-25T02:05:31.050Z", "groups": [], "user_permissions": []}},
 {"model": "auth.user", "pk": 17, "fields": {"password": "", "last_login": null, "is_superuser": false, "username": "joshua.marshall.15", "first_name": "Joshua", "last_name": "Marshall", "email": "joshua.marshall.15@gmail.com", "is_staff": false, "is_active": true, "date_joined": "2016-09-25T02:05:31.082Z", "groups": [], "user_permissions": []}},
 {"model": "auth.user", "pk": 18, "fields": {"password": "", "last_login": null, "is_superuser": false, "username": "jason.wilson.16", "first_name": "Jason", "last_name": "Wilson", "email": "jason.wilson.16@gmail.com", "is_staff": false, "is_active": true, "date_joined": "2016-09-25T02:05:31.114Z", "groups": [], "user_permissions": []}},
 {"model": "auth.user", "pk": 19, "fields": {"password": "", "last_login": null, "is_superuser": false, "username": "timothy.watson.17", "first_name": "Timothy", "last_name": "Watson", "email": "timothy.watson.17@gmail.com", "is_staff": false, "is_active": true, "date_joined": "2016-09-25T02:05:31.146Z", "groups": [], "user_permissions": []}},
 {"model": "auth.user", "pk": 20, "fields": {"password": "", "last_login": null, "is_superuser": false, "username": "brian.cooper.18", "first_name": "Brian", "last_name": "Cooper", "email": "brian.cooper.18@gmail.com", "is_staff": false, "is_active": true, "date_joined": "2016-09-25T02:05:31.177Z", "groups": [], "user_permissions": []}},
 {"model": "auth.user", "pk": 21, "fields": {"password": "", "last_login": null, "is_superuser": false, "username": "linda.harrison.19", "first_name": "Linda", "last_name": "Harrison", "email": "linda.harrison.19@gmail.com", "is_staff": false, "is_active": true, "date_joined": "2016-09-25T02:05:31.209Z", "groups": [], "user_permissions": []}},
 {"model": "auth.user", "pk": 22, "fields": {"password": "", "last_login": null, "is_superuser": false, "username": "shannon.johnson.20", "first_name": "Shannon", "last_name": "Johnson", "email": "shannon.johnson.20@gmail.com", "is_staff": false, "is_active": true, "date_joined": "2016-09-25T02:05:31.241Z", "groups": [], "user_permissions": []}},
 {"model": "auth.user", "pk": 23, "fields": {"password": "", "last_login": null, "is_superuser": false, "username": "sarah.simpson.21", "first_name": "Sarah", "last_name": "Simpson", "email": "sarah.simpson.21@gmail.com", "is_staff": false, "is_active": true, "date_joined": "2016-09-25T02:05:31.282Z", "groups": [], "user_permissions": []}},
 {"model": "auth.user", "pk": 24, "fields": {"password": "", "last_login": null, "is_superuser": false, "username": "linda.robinson.22", "first_name": "Linda", "last_name": "Robinson", "email": "linda.robinson.22@gmail.com", "is_staff": false, "is_active": true, "date_joined": "2016-09-25T02:05:31.321Z", "groups": [], "user_permissions": []}},
 {"model": "auth.user", "pk": 25, "fields": {"password": "", "last_login": null, "is_superuser": false, "username": "shane.berg.23", "first_name": "Shane", "last_name": "Berg", "email": "shane.berg.23@gmail.com", "is_staff": false, "is_active": true, "date_joined": "2016-09-25T02:05:31.355Z", "groups": [], "user_permissions": []}},
 {"model": "auth.user", "pk": 26, "fields": {"password": "", "last_login": null, "is_superuser": false, "username": "michael.krueger.24", "first_name": "Michael", "last_name": "Krueger", "email": "michael.krueger.24@gmail.com", "is_staff": false, "is_active": true, "date_joined": "2016-09-25T02:05:31.389Z", "groups": [], "user_permissions": []}},
 {"model": "auth.user", "pk": 27, "fields": {"password": "", "last_login": null, "is_superuser": false, "username": "kelly.trujillo.25", "first_name": "Kelly", "last_name": "Trujillo", "email": "kelly.trujillo.25@gmail.com", "is_staff": false, "is_active": true, "date_joined": "2016-09-25T02:05:31.420Z", "groups": [], "user_permissions": []}},
 {"model": "auth.user", "pk": 28, "fields": {"password": "", "last_login": null, "is_superuser": false, "username": "christopher.parker.26", "first_name": "Christopher", "last_name": "Parker", "email": "christopher.parker.26@gmail.com", "is_staff": false, "is_active": true, "date_joined": "2016-09-25T02:05:31.458Z", "groups": [], "user_permissions": []}},
 {"model": "auth.user", "pk": 29, "fields": {"password": "", "last_login": null, "is_superuser": false, "username": "gordon.patterson.27", "first_name": "Gordon", "last_name": "Patterson", "email": "gordon.patterson.27@gmail.com", "is_staff": false, "is_active": true, "date_joined": "2016-09-25T02:05:31.496Z", "groups": [], "user_permissions": []}},
 {"model": "auth.user", "pk": 30, "fields": {"password": "", "last_login": null, "is_superuser": false, "username": "kyle.simon.28", "first_name": "Kyle", "last_name": "Simon", "email": "kyle.simon.28@gmail.com", "is_staff": false, "is_active": true, "date_joined": "2016-09-25T02:05:31.530Z", "groups": [], "user_permissions": []}},
 {"model": "auth.user", "pk": 31, "fields": {"password": "", "last_login": null, "is_superuser": false, "username": "amanda.wallace.29", "first_name": "Amanda", "last_name": "Wallace", "email": "amanda.wallace.29@gmail.com", "is_staff": false, "is_active": true, "date_joined": "2016-09-25T02:05:31.563Z", "groups": [], "user_permissions": []}},
 {"model": "auth.user", "pk": 32, "fields": {"password": "", "last_login": null, "is_superuser": false, "username": "jeffrey.chan.30", "first_name": "Jeffrey", "last_name": "Chan", "email": "jeffrey.chan.30@gmail.com", "is_staff": false, "is_active": true, "date_joined": "2016-09-25T02:05:31.596Z", "groups": [], "user_permissions": []}},
 {"model": "auth.user", "pk": 33, "fields": {"password": "", "last_login": null, "is_superuser": false, "username": "robert.stephenson.31", "first_name": "Robert", "last_name": "Stephenson", "email": "robert.stephenson.31@gmail.com", "is_staff": false, "is_active": true, "date_joined": "2016-09-25T02:05:31.628Z", "groups": [], "user_permissions": []}},
 {"model": "auth.user", "pk": 34, "fields": {"password": "", "last_login": null, "is_superuser": false, "username": "christopher.harrington.32", "first_name": "Christopher", "last_name": "Harrington", "email": "christopher.harrington.32@gmail.com", "is_staff": false, "is_active": true, "date_joined": "2016-09-25T02:05:31.663Z", "groups": [], "user_permissions": []}},
 {"model": "auth.user", "pk": 35, "fields": {"password": "", "last_login": null, "is_superuser": false, "username": "laura.molina.33", "first_name": "Laura", "last_name": "Molina", "email": "laura.molina.33@gmail.com", "is_staff": false, "is_active": true, "date_joined": "2016-09-25T02:05:31.696Z", "groups": [], "user_permissions": []}},
 {"model": "auth.user", "pk": 36, "fields": {"password": "", "last_login": null, "is_superuser": false, "username": "nathan.roberts.34", "first_name": "Nathan", "last_name": "Roberts", "email": "nathan.roberts.34@gmail.com", "is_staff": false, "is_active": true, "date_joined": "2016-09-25T02:05:31.728Z", "groups": [], "user_permissions": []}},
 {"model": "auth.user", "pk": 37, "fields": {"password": "", "last_login": null, "is_superuser": false, "username": "daniel.mathews.35", "first_name": "Daniel", "last_name": "Mathews", "email": "daniel.mathews.35@gmail.com", "is_staff": false, "is_active": true, "date_joined": "2016-09-25T02:05:31.760Z", "groups": [], "user_permissions": []}},
 {"model": "auth.user", "pk": 38, "fields": {"password": "", "last_login": null, "is_superuser": false, "username": "lisa.lucero.36", "first_name": "Lisa", "last_name": "Lucero", "email": "lisa.lucero.36@gmail.com", "is_staff": false, "is_active": true, "date_joined": "2016-09-25T02:05:31.791Z", "groups": [], "user_permissions": []}},
 {"model": "auth.user", "pk": 39, "fields": {"password": "", "last_login": null, "is_superuser": false, "username": "amy.perez.37", "first_name": "Amy", "last_name": "Perez", "email": "amy.perez.37@gmail.com", "is_staff": false, "is_active": true, "date_joined": "2016-09-25T02:05:31.823Z", "groups": [], "user_permissions": []}},
 {"model": "auth.user", "pk": 40, "fields": {"password": "", "last_login": null, "is_superuser": false, "username": "antonio.ryan.38", "first_name": "Antonio", "last_name": "Ryan", "email": "antonio.ryan.38@gmail.com", "is_staff": false, "is_active": true, "date_joined": "2016-09-25T02:05:31.856Z", "groups": [], "user_permissions": []}},
 {"model": "auth.user", "pk": 41, "fields": {"password": "", "last_login": null, "is_superuser": false, "username": "yolanda.osborne.39", "first_name": "Yolanda", "last_name": "Osborne", "email": "yolanda.osborne.39@gmail.com", "is_staff": false, "is_active": true, "date_joined": "2016-09-25T02:05:31.887Z", "groups": [], "user_permissions": []}},
 {"model": "auth.user", "pk": 42, "fields": {"password": "", "last_login": null, "is_superuser": false, "username": "michael.watkins.40", "first_name": "Michael", "last_name": "Watkins", "email": "michael.watkins.40@gmail.com", "is_staff": false, "is_active": true, "date_joined": "2016-09-25T02:05:31.919Z", "groups": [], "user_permissions": []}},
 {"model": "auth.user", "pk": 43, "fields": {"password": "", "last_login": null, "is_superuser": false, "username": "melissa.moore.41", "first_name": "Melissa", "last_name": "Moore", "email": "melissa.moore.41@gmail.com", "is_staff": false, "is_active": true, "date_joined": "2016-09-25T02:05:31.952Z", "groups": [], "user_permissions": []}},
 {"model": "auth.user", "pk": 44, "fields": {"password": "", "last_login": null, "is_superuser": false, "username": "mark.clark.42", "first_name": "Mark", "last_name": "Clark", "email": "mark.clark.42@gmail.com", "is_staff": false, "is_active": true, "date_joined": "2016-09-25T02:05:31.984Z", "groups": [], "user_permissions": []}},
 {"model": "auth.user", "pk": 45, "fields": {"password": "", "last_login": null, "is_superuser": false, "username": "dwayne.harris.43", "first_name": "Dwayne", "last_name": "Harris", "email": "dwayne.harris.43@gmail.com", "is_staff": false, "is_active": true, "date_joined": "2016-09-25T02:05:32.016Z", "groups": [], "user_permissions": []}},
 {"model": "auth.user", "pk": 46, "fields": {"password": "", "last_login": null, "is_superuser": false, "username": "natalie.wells.44", "first_name": "Natalie", "last_name": "Wells", "email": "natalie.wells.44@gmail.com", "is_staff": false, "is_active": true, "date_joined": "2016-09-25T02:05:32.048Z", "groups": [], "user_permissions": []}},
 {"model": "auth.user", "pk": 47, "fields": {"password": "", "last_login": null, "is_superuser": false, "username": "thomas.johnston.45", "first_name": "Thomas", "last_name": "Johnston", "email": "thomas.johnston.45@gmail.com", "is_staff": false, "is_active": true, "date_joined": "2016-09-25T02:05:32.081Z", "groups": [], "user_permissions": []}},
 {"model": "auth.user", "pk": 48, "fields": {"password": "", "last_login": null, "is_superuser": false, "username": "cynthia.hopkins.46", "first_name": "Cynthia", "last_name": "Hopkins", "email": "cynthia.hopkins.46@gmail.com", "is_staff": false, "is_active": true, "date_joined": "2016-09-25T02:05:32.112Z", "groups": [], "user_permissions": []}},
 {"model": "auth.user", "pk": 49, "fields": {"password": "", "last_login": null, "is_superuser": false, "username": "richard.chase.47", "first_name": "Richard", "last_name": "Chase", "email": "richard.chase.47@gmail.com", "is_staff": false, "is_active": true, "date_joined": "2016-09-25T02:05:32.144Z", "groups": [], "user_permissions": []}},
 {"model": "auth.user", "pk": 50, "fields": {"password": "", "last_login": null, "is_superuser": false, "username": "linda.garcia.48", "first_name": "Linda", "last_name": "Garcia", "email": "linda.garcia.48@gmail.com", "is_staff": false, "is_active": true, "date_joined": "2016-09-25T02:05:32.177Z", "groups": [], "user_permissions": []}},
 {"model": "auth.user", "pk": 51, "fields": {"password": "", "last_login": null, "is_superuser": false, "username": "carrie.norman.49", "first_name": "Carrie", "last_name": "Norman", "email": "carrie.norman.49@gmail.com", "is_staff": false, "is_active": true, "date_joined": "2016-09-25T02:05:32.208Z", "groups": [], "user_permissions": []}},
 {"model": "auth.user", "pk": 52, "fields": {"password": "", "last_login": null, "is_superuser": false, "username": "ashley.taylor.50", "first_name": "Ashley", "last_name": "Taylor", "email": "ashley.taylor.50@gmail.com", "is_staff": false, "is_active": true, "date_joined": "2016-09-25T02:05:32.240Z", "groups": [], "user_permissions": []}},
 {"model": "auth.user", "pk": 53, "fields": {"password": "", "last_login": null, "is_superuser": false, "username": "jerome.johnson.51", "first_name": "Jerome", "last_name": "Johnson", "email": "jerome.johnson.51@gmail.com", "is_staff": false, "is_active": true, "date_joined": "2016-09-25T02:05:32.278Z", "groups": [], "user_permissions": []}},
 {"model": "auth.user", "pk": 54, "fields": {"password": "", "last_login": null, "is_superuser": false, "username": "vicki.griffin.52", "first_name": "Vicki", "last_name": "Griffin", "email": "vicki.griffin.52@gmail.com", "is_staff": false, "is_active": true, "date_joined": "2016-09-25T02:05:32.311Z", "groups": [], "user_permissions": []}},
 {"model": "auth.user", "pk": 55, "fields": {"password": "", "last_login": null, "is_superuser": false, "username": "alyssa.mclean.53", "first_name": "Alyssa", "last_name": "Mclean", "email": "alyssa.mclean.53@gmail.com", "is_staff": false, "is_active": true, "date_joined": "2016-09-25T02:05:32.344Z", "groups": [], "user_permissions": []}},
 {"model": "auth.user", "pk": 56, "fields": {"password": "", "last_login": null, "is_superuser": false, "username": "michaela.brewer.54", "first_name": "Michaela", "last_name": "Brewer", "email": "michaela.brewer.54@gmail.com", "is_staff": false, "is_active": true, "date_joined": "2016-09-25T02:05:32.376Z", "groups": [], "user_permissions": []}},
 {"model": "auth.user", "pk": 57, "fields": {"password": "", "last_login": null, "is_superuser": false, "username": "sabrina.frazier.55", "first_name": "Sabrina", "last_name": "Frazier", "email": "sabrina.frazier.55@gmail.com", "is_staff": false, "is_active": true, "date_joined": "2016-09-25T02:05:32.408Z", "groups": [], "user_permissions": []}},
 {"model": "auth.user", "pk": 58, "fields": {"password": "", "last_login": null, "is_superuser": false, "username": "sharon.mullins.56", "first_name": "Sharon", "last_name": "Mullins", "email": "sharon.mullins.56@gmail.com", "is_staff": false, "is_active": true, "date_joined": "2016-09-25T02:05:32.440Z", "groups": [], "user_permissions": []}},
 {"model": "auth.user", "pk": 59, "fields": {"password": "", "last_login": null, "is_superuser": false, "username": "michael.gray.57", "first_name": "Michael", "last_name": "Gray", "email": "michael.gray.57@gmail.com", "is_staff": false, "is_active": true, "date_joined": "2016-09-25T02:05:32.472Z", "groups": [], "user_permissions": []}},
 {"model": "auth.user", "pk": 60, "fields": {"password": "", "last_login": null, "is_superuser": false, "username": "john.murphy.58", "first_name": "John", "last_name": "Murphy", "email": "john.murphy.58@gmail.com", "is_staff": false, "is_active": true, "date_joined": "2016-09-25T02:05:32.504Z", "groups": [], "user_permissions": []}},
 {"model": "auth.user", "pk": 61, "fields": {"password": "", "last_login": null, "is_superuser": false, "username": "gregory.lopez.59", "first_name": "Gregory", "last_name": "Lopez", "email": "gregory.lopez.59@gmail.com", "is_staff": false, "is_active": true, "date_joined": "2016-09-25T02:05:32.535Z", "groups": [], "user_permissions": []}},
 {"model": "auth.user", "pk": 62, "fields": {"password": "", "last_login": null, "is_superuser": false, "username": "richard.clark.60", "first_name": "Richard", "last_name": "Clark", "email": "richard.clark.60@gmail.com", "is_staff": false, "is_active": true, "date_joined": "2016-09-25T02:05:32.566Z", "groups": [], "user_permissions": []}},
 {"model": "auth.user", "pk": 63, "fields": {"password": "", "last_login": null, "is_superuser": false, "username": "dylan.martin.61", "first_name": "Dylan", "last_name": "Martin", "email": "dylan.martin.61@gmail.com", "is_staff": false, "is_active": true, "date_joined": "2016-09-25T02:05:32.597Z", "groups": [], "user_permissions": []}},
 {"model": "auth.user", "pk": 64, "fields": {"password": "", "last_login": null, "is_superuser": false, "username": "adrienne.velez.62", "first_name": "Adrienne", "last_name": "Velez", "email": "adrienne.velez.62@gmail.com", "is_staff": false, "is_active": true, "date_joined": "2016-09-25T02:05:32.628Z", "groups": [], "user_permissions": []}},
 {"model": "auth.user", "pk": 65, "fields": {"password": "", "last_login": null, "is_superuser": false, "username": "tasha.jones.63", "first_name": "Tasha", "last_name": "Jones", "email": "tasha.jones.63@gmail.com", "is_staff": false, "is_active": true, "date_joined": "2016-09-25T02:05:32.660Z", "groups": [], "user_permissions": []}},
 {"model": "auth.user", "pk": 66, "fields": {"password": "", "last_login": null, "is_superuser": false, "username": "monica.martin.64", "first_name": "Monica", "last_name": "Martin", "email": "monica.martin.64@gmail.com", "is_staff": false, "is_active": true, "date_joined": "2016-09-25T02:05:32.693Z", "groups": [], "user_permissions": []}},
 {"model": "auth.user", "pk": 67, "fields": {"password": "", "last_login": null, "is_superuser": false, "username": "jennifer.morris.65", "first_name": "Jennifer", "last_name": "Morris", "email": "jennifer.morris.65@gmail.com", "is_staff": false, "is_active": true, "date_joined": "2016-09-25T02:05:32.724Z", "groups": [], "user_permissions": []}},
 {"model": "auth.user", "pk": 68, "fields": {"password": "", "last_login": null, "is_superuser": false, "username": "katrina.carney.66", "first_name": "Katrina", "last_name": "Carney", "email": "katrina.carney.66@gmail.com", "is_staff": false, "is_active": true, "date_joined": "2016-09-25T02:05:32.757Z", "groups": [], "user_permissions": []}},
 {"model": "auth.user", "pk": 69, "fields": {"password": "", "last_login": null, "is_superuser": false, "username": "glen.preston.67", "first_name": "Glen", "last_name": "Preston", "email": "glen.preston.67@gmail.com", "is_staff": false, "is_active": true, "date_joined": "2016-09-25T02:05:32.789Z", "groups": [], "user_permissions": []}},
 {"model": "auth.user", "pk": 70, "fields": {"password": "", "last_login": null, "is_superuser": false, "username": "lawrence.kaiser.68", "first_name": "Lawrence", "last_name": "Kaiser", "email": "lawrence.kaiser.68@gmail.com", "is_staff": false, "is_active": true, "date_joined": "2016-09-25T02:05:32.820Z", "groups": [], "user_permissions": []}},
 {"model": "auth.user", "pk": 71, "fields": {"password": "", "last_login": null, "is_superuser": false, "username": "justin.glenn.69", "first_name": "Justin", "last_name": "Glenn", "email": "justin.glenn.69@gmail.com", "is_staff": false, "is_active": true, "date_joined": "2016-09-25T02:05:32.857Z", "groups": [], "user_permissions": []}},
 {"model": "auth.user", "pk": 72, "fields": {"password": "", "last_login": null, "is_superuser": false, "username": "james.myers.70", "first_name": "James", "last_name": "Myers", "email": "james.myers.70@gmail.com", "is_staff": false, "is_active": true, "date_joined": "2016-09-25T02:05:32.890Z", "groups": [], "user_permissions": []}},
 {"model": "auth.user", "pk": 73, "fields": {"password": "", "last_login": null, "is_superuser": false, "username": "courtney.roberts.71", "first_name": "Courtney", "last_name": "Roberts", "email": "courtney.roberts.71@gmail.com", "is_staff": false, "is_active": true, "date_joined": "2016-09-25T02:05:32.923Z", "groups": [], "user_permissions": []}},
 {"model": "auth.user", "pk": 74, "fields": {"password": "", "last_login": null, "is_superuser": false, "username": "allison.allen.72", "first_name": "Allison", "last_name": "Allen", "email": "allison.allen.72@gmail.com", "is_staff": false, "is_active": true, "date_joined": "2016-09-25T02:05:32.955Z", "groups": [], "user_permissions": []}},
 {"model": "auth.user", "pk": 75, "fields": {"password": "", "last_login": null, "is_superuser": false, "username": "bradley.chen.73", "first_name": "Bradley", "last_name": "Chen", "email": "bradley.chen.73@gmail.com", "is_staff": false, "is_active": true, "date_joined": "2016-09-25T02:05:32.987Z", "groups": [], "user_permissions": []}},
 {"model": "auth.user", "pk": 76, "fields": {"password": "", "last_login": null, "is_superuser": false, "username": "casey.phelps.74", "first_name": "Casey", "last_name": "Phelps", "email": "casey.phelps.74@gmail.com", "is_staff": false, "is_active": true, "date_joined": "2016-09-25T02:05:33.018Z", "groups": [], "user_permissions": []}},
 {"model": "auth.user", "pk": 77, "fields": {"password": "", "last_login": null, "is_superuser": false, "username": "gail.adkins.75", "first_name": "Gail", "last_name": "Adkins", "email": "gail.adkins.75@gmail.com", "is_staff": false, "is_active": true, "date_joined": "2016-09-25T02:05:33.051Z", "groups": [], "user_permissions": []}},
 {"model": "auth.user", "pk": 78, "fields": {"password": "", "last_login": null, "is_superuser": false, "username": "michael.mcfarland.76", "first_name": "Michael", "last_name": "Mcfarland", "email": "michael.mcfarland.76@gmail.com", "is_staff": false, "is_active": true, "date_joined": "2016-09-25T02:05:33.083Z", "groups": [], "user_permissions": []}},
 {"model": "auth.user", "pk": 79, "fields": {"password": "", "last_login": null, "is_superuser": false, "username": "robert.jones.77", "first_name": "Robert", "last_name": "Jones", "email": "robert.jones.77@gmail.com", "is_staff": false, "is_active": true, "date_joined": "2016-09-25T02:05:33.115Z", "groups": [], "user_permissions": []}},
 {"model": "auth.user", "pk": 80, "fields": {"password": "", "last_login": null, "is_superuser": false, "username": "lisa.haynes.78", "first_name": "Lisa", "last_name": "Haynes", "email": "lisa.haynes.78@gmail.com", "is_staff": false, "is_active": true, "date_joined": "2016-09-25T02:05:33.147Z", "groups": [], "user_permissions": []}},
 {"model": "auth.user", "pk": 81, "fields": {"password": "", "last_login": null, "is_superuser": false, "username": "brenda.stewart.79", "first_name": "Brenda", "last_name": "Stewart", "email": "brenda.stewart.79@gmail.com", "is_staff": false, "is_active": true, "date_joined": "2016-09-25T02:05:33.179Z", "groups": [], "user_permissions": []}},
 {"model": "auth.user", "pk": 82, "fields": {"password": "", "last_login": null, "is_superuser": false, "username": "angelica.wilson.80", "first_name": "Angelica", "last_name": "Wilson", "email": "angelica.wilson.80@gmail.com", "is_staff": false, "is_active": true, "date_joined": "2016-09-25T02:05:33.210Z", "groups": [], "user_permissions": []}},
 {"model": "auth.user", "pk": 83, "fields": {"password": "", "last_login": null, "is_superuser": false, "username": "erin.mccarty.81", "first_name": "Erin", "last_name": "Mccarty", "email": "erin.mccarty.81@gmail.com", "is_staff": false, "is_active": true, "date_joined": "2016-09-25T02:05:33.241Z", "groups": [], "user_permissions": []}},
 {"model": "auth.user", "pk": 84, "fields": {"password": "", "last_login": null, "is_superuser": false, "username": "shawn.bond.82", "first_name": "Shawn", "last_name": "Bond", "email": "shawn.bond.82@gmail.com", "is_staff": false, "is_active": true, "date_joined": "2016-09-25T02:05:33.272Z", "groups": [], "user_permissions": []}},
 {"model": "auth.user", "pk": 85, "fields": {"password": "", "last_login": null, "is_superuser": false, "username": "mark.daniel.83", "first_name": "Mark", "last_name": "Daniel", "email": "mark.daniel.83@gmail.com", "is_staff": false, "is_active": true, "date_joined": "2016-09-25T02:05:33.304Z", "groups": [], "user_permissions": []}},
 {"model": "auth.user", "pk": 86, "fields": {"password": "", "last_login": null, "is_superuser": false, "username": "thomas.hess.84", "first_name": "Thomas", "last_name": "Hess", "email": "thomas.hess.84@gmail.com", "is_staff": false, "is_active": true, "date_joined": "2016-09-25T02:05:33.335Z", "groups": [], "user_permissions": []}},
 {"model": "auth.user", "pk": 87, "fields": {"password": "", "last_login": null, "is_superuser": false, "username": "catherine.lewis.85", "first_name": "Catherine", "last_name": "Lewis", "email": "catherine.lewis.85@gmail.com", "is_staff": false, "is_active": true, "date_joined": "2016-09-25T02:05:33.366Z", "groups": [], "user_permissions": []}},
 {"model": "auth.user", "pk": 88, "fields": {"password": "", "last_login": null, "is_superuser": false, "username": "douglas.scott.86", "first_name": "Douglas", "last_name": "Scott", "email": "douglas.scott.86@gmail.com", "is_staff": false, "is_active": true, "date_joined": "2016-09-25T02:05:33.398Z", "groups": [], "user_permissions": []}},
 {"model": "auth.user", "pk": 89, "fields": {"password": "", "last_login": null, "is_superuser": false, "username": "samantha.brooks.87", "first_name": "Samantha", "last_name": "Brooks", "email": "samantha.brooks.87@gmail.com", "is_staff": false, "is_active": true, "date_joined": "2016-09-25T02:05:33.434Z", "groups": [], "user_permissions": []}},
 {"model": "auth.user", "pk": 90, "fields": {"password": "", "last_login": null, "is_superuser": false, "username": "sabrina.romero.88", "first_name": "Sabrina", "last_name": "Romero", "email": "sabrina.romero.88@gmail.com", "is_staff": false, "is_active": true, "date_joined": "2016-09-25T02:05:33.466Z", "groups": [], "user_permissions": []}},
 {"model": "auth.user", "pk": 91, "fields": {"password": "", "last_login": null, "is_superuser": false, "username": "rodney.vasquez.89", "first_name": "Rodney", "last_name": "Vasquez", "email": "rodney.vasquez.89@gmail.com", "is_staff": false, "is_active": true, "date_joined": "2016-09-25T02:05:33.497Z", "groups": [], "user_permissions": []}},
 {"model": "auth.user", "pk": 92, "fields": {"password": "", "last_login": null, "is_superuser": false, "username": "rachael.mccarthy.90", "first_name": "Rachael", "last_name": "Mccarthy", "email": "rachael.mccarthy.90@gmail.com", "is_staff": false, "is_active": true, "date_joined": "2016-09-25T02:05:33.529Z", "groups": [], "user_permissions": []}},
 {"model": "auth.user", "pk": 93, "fields": {"password": "", "last_login": null, "is_superuser": false, "username": "joseph.norris.91", "first_name": "Joseph", "last_name": "Norris", "email": "joseph.norris.91@gmail.com", "is_staff": false, "is_active": true, "date_joined": "2016-09-25T02:05:33.561Z", "groups": [], "user_permissions": []}},
 {"model": "auth.user", "pk": 94, "fields": {"password": "", "last_login": null, "is_superuser": false, "username": "diana.pace.92", "first_name": "Diana", "last_name": "Pace", "email": "diana.pace.92@gmail.com", "is_staff": false, "is_active": true, "date_joined": "2016-09-25T02:05:33.610Z", "groups": [], "user_permissions": []}},
 {"model": "auth.user", "pk": 95, "fields": {"password": "", "last_login": null, "is_superuser": false, "username": "megan.anderson.93", "first_name": "Megan", "last_name": "Anderson", "email": "megan.anderson.93@gmail.com", "is_staff": false, "is_active": true, "date_joined": "2016-09-25T02:05:33.652Z", "groups": [], "user_permissions": []}},
 {"model": "auth.user", "pk": 96, "fields": {"password": "", "last_login": null, "is_superuser": false, "username": "jason.brewer.94", "first_name": "Jason", "last_name": "Brewer", "email": "jason.brewer.94@gmail.com", "is_staff": false, "is_active": true, "date_joined": "2016-09-25T02:05:33.683Z", "groups": [], "user_permissions": []}},
 {"model": "auth.user", "pk": 97, "fields": {"password": "", "last_login": null, "is_superuser": false, "username": "tanya.smith.95", "first_name": "Tanya", "last_name": "Smith", "email": "tanya.smith.95@gmail.com", "is_staff": false, "is_active": true, "date_joined": "2016-09-25T02:05:33.718Z", "groups": [], "user_permissions": []}},
 {"model": "auth.user", "pk": 98, "fields": {"password": "", "last_login": null, "is_superuser": false, "username": "sabrina.harrison.96", "first_name": "Sabrina", "last_name": "Harrison", "email": "sabrina.harrison.96@gmail.com", "is_staff": false, "is_active": true, "date_joined": "2016-09-25T02:05:33.754Z", "groups": [], "user_permissions": []}},
 {"model": "auth.user", "pk": 99, "fields": {"password": "", "last_login": null, "is_superuser": false, "username": "jesse.ellis.97", "first_name": "Jesse", "last_name": "Ellis", "email": "jesse.ellis.97@gmail.com", "is_staff": false, "is_active": true, "date_joined": "2016-09-25T02:05:33.786Z", "groups": [], "user_permissions": []}},
 {"model": "auth.user", "pk": 100, "fields": {"password": "", "last_login": null, "is_superuser": false, "username": "ryan.reyes.98", "first_name": "Ryan", "last_name": "Reyes", "email": "ryan.reyes.98@gmail.com", "is_staff": false, "is_active": true, "date_joined": "2016-09-25T02:05:33.818Z", "groups": [], "user_permissions": []}},
 {"model": "auth.user", "pk": 101, "fields": {"password": "", "last_login": null, "is_superuser": false, "username": "kenneth.adams.99", "first_name": "Kenneth", "last_name": "Adams", "email": "kenneth.adams.99@gmail.com", "is_staff": false, "is_active": true, "date_joined": "2016-09-25T02:05:33.850Z", "groups": [], "user_permissions": []}},
 {"model": "social_auth.usersocialauth", "pk": 1, "fields": {"user": 2, "provider": "Facebook", "uid": "0", "extra_data": "{\"access_token\": \"1234\"}"}},
 {"model": "social_auth.usersocialauth", "pk": 2, "fields": {"user": 3, "provider": "Facebook", "uid": "1", "extra_data": "{\"access_token\": \"1234\"}"}},
 {"model": "social_auth.usersocialauth", "pk": 3, "fields": {"user": 4, "provider": "Facebook", "uid": "2", "extra_data": "{\"access_token\": \"1234\"}"}},
 {"model": "social_auth.usersocialauth", "pk": 4, "fields": {"user": 5, "provider": "Facebook", "uid": "3", "extra_data": "{\"access_token\": \"1234\"}"}},
 {"model": "social_auth.usersocialauth", "pk": 5, "fields": {"user": 6, "provider": "Facebook", "uid": "4", "extra_data": "{\"access_token\": \"1234\"}"}},
 {"model": "social_auth.usersocialauth", "pk": 6, "fields": {"user": 7, "provider": "Facebook", "uid": "5", "extra_data": "{\"access_token\": \"1234\"}"}},
 {"model": "social_auth.usersocialauth", "pk": 7, "fields": {"user": 8, "provider": "Facebook", "uid": "6", "extra_data": "{\"access_token\": \"1234\"}"}},
 {"model": "social_auth.usersocialauth", "pk": 8, "fields": {"user": 9, "provider": "Facebook", "uid": "7", "extra_data": "{\"access_token\": \"1234\"}"}},
 {"model": "social_auth.usersocialauth", "pk": 9, "fields": {"user": 10, "provider": "Facebook", "uid": "8", "extra_data": "{\"access_token\": \"1234\"}"}},
 {"model": "social_auth.usersocialauth", "pk": 10, "fields": {"user": 11, "provider": "Facebook", "uid": "9", "extra_data": "{\"access_token\": \"1234\"}"}},
 {"model": "social_auth.usersocialauth", "pk": 11, "fields": {"user": 12, "provider": "Facebook", "uid": "10", "extra_data": "{\"access_token\": \"1234\"}"}},
 {"model": "social_auth.usersocialauth", "pk": 12, "fields": {"user": 13, "provider": "Facebook", "uid": "11", "extra_data": "{\"access_token\": \"1234\"}"}},
 {"model": "social_auth.usersocialauth", "pk": 13, "fields": {"user": 14, "provider": "Facebook", "uid": "12", "extra_data": "{\"access_token\": \"1234\"}"}},
 {"model": "social_auth.usersocialauth", "pk": 14, "fields": {"user": 15, "provider": "Facebook", "uid": "13", "extra_data": "{\"access_token\": \"1234\"}"}},
 {"model": "social_auth.usersocialauth", "pk": 15, "fields": {"user": 16, "provider": "Facebook", "uid": "14", "extra_data": "{\"access_token\": \"1234\"}"}},
 {"model": "social_auth.usersocialauth", "pk": 16, "fields": {"user": 17, "provider": "Facebook", "uid": "15", "extra_data": "{\"access_token\": \"1234\"}"}},
 {"model": "social_auth.usersocialauth", "pk": 17, "fields": {"user": 18, "provider": "Facebook", "uid": "16", "extra_data": "{\"access_token\": \"1234\"}"}},
 {"model": "social_auth.usersocialauth", "pk": 18, "fields": {"user": 19, "provider": "Facebook", "uid": "17", "extra_data": "{\"access_token\": \"1234\"}"}},
 {"model": "social_auth.usersocialauth", "pk": 19, "fields": {"user": 20, "provider": "Facebook", "uid": "18", "extra_data": "{\"access_token\": \"1234\"}"}},
 {"model": "social_auth.usersocialauth", "pk": 20, "fields": {"user": 21, "provider": "Facebook", "uid": "19", "extra_data": "{\"access_token\": \"1234\"}"}},
 {"model": "social_auth.usersocialauth", "pk": 21, "fields": {"user": 22, "provider": "Facebook", "uid": "20", "extra_data": "{\"access_token\": \"1234\"}"}},
 {"model": "social_auth.usersocialauth", "pk": 22, "fields": {"user": 23, "provider": "Facebook", "uid": "21", "extra_data": "{\"access_token\": \"1234\"}"}},
 {"model": "social_auth.usersocialauth", "pk": 23, "fields": {"user": 24, "provider": "Facebook", "uid": "22", "extra_data": "{\"access_token\": \"1234\"}"}},
 {"model": "social_auth.usersocialauth", "pk": 24, "fields": {"user": 25, "provider": "Facebook", "uid": "23", "extra_data": "{\"access_token\": \"1234\"}"}},
 {"model": "social_auth.usersocialauth", "pk": 25, "fields": {"user": 26, "provider": "Facebook", "uid": "24", "extra_data": "{\"access_token\": \"1234\"}"}},
 {"model": "social_auth.usersocialauth", "pk": 26, "fields": {"user": 27, "provider": "Facebook", "uid": "25", "extra_data": "{\"access_token\": \"1234\"}"}},
 {"model": "social_auth.usersocialauth", "pk": 27, "fields": {"user": 28, "provider": "Facebook", "uid": "26", "extra_data": "{\"access_token\": \"1234\"}"}},
 {"model": "social_auth.usersocialauth", "pk": 28, "fields": {"user": 29, "provider": "Facebook", "uid": "27", "extra_data": "{\"access_token\": \"1234\"}"}},
 {"model": "social_auth.usersocialauth", "pk": 29, "fields": {"user": 30, "provider": "Facebook", "uid": "28", "extra_data": "{\"access_token\": \"1234\"}"}},
 {"model": "social_auth.usersocialauth", "pk": 30, "fields": {"user": 31, "provider": "Facebook", "uid": "29", "extra_data": "{\"access_token\": \"1234\"}"}},
 {"model": "social_auth.usersocialauth", "pk": 31, "fields": {"user": 32, "provider": "Facebook", "uid": "30", "extra_data": "{\"access_token\": \"1234\"}"}},
 {"model": "social_auth.usersocialauth", "pk": 32, "fields": {"user": 33, "provider": "Facebook", "uid": "31", "extra_data": "{\"access_token\": \"1234\"}"}},
 {"model": "social_auth.usersocialauth", "pk": 33, "fields": {"user": 34, "provider": "Facebook", "uid": "32", "extra_data": "{\"access_token\": \"1234\"}"}},
 {"model": "social_auth.usersocialauth", "pk": 34, "fields": {"user": 35, "provider": "Facebook", "uid": "33", "extra_data": "{\"access_token\": \"1234\"}"}},
 {"model": "social_auth.usersocialauth", "pk": 35, "fields": {"user": 36, "provider": "Facebook", "uid": "34", "extra_data": "{\"access_token\": \"1234\"}"}},
 {"model": "social_auth.usersocialauth", "pk": 36, "fields": {"user": 37, "provider": "Facebook", "uid": "35", "extra_data": "{\"access_token\": \"1234\"}"}},
 {"model": "social_auth.usersocialauth", "pk": 37, "fields": {"user": 38, "provider": "Facebook", "uid": "36", "extra_data": "{\"access_token\": \"1234\"}"}},
 {"model": "social_auth.usersocialauth", "pk": 38, "fields": {"user": 39, "provider": "Facebook", "uid": "37", "extra_data": "{\"access_token\": \"1234\"}"}},
 {"model": "social_auth.usersocialauth", "pk": 39, "fields": {"user": 40, "provider": "Facebook", "uid": "38", "extra_data": "{\"access_token\": \"1234\"}"}},
 {"model": "social_auth.usersocialauth", "pk": 40, "fields": {"user": 41, "provider": "Facebook", "uid": "39", "extra_data": "{\"access_token\": \"1234\"}"}},
 {"model": "social_auth.usersocialauth", "pk": 41, "fields": {"user": 42, "provider": "Facebook", "uid": "40", "extra_data": "{\"access_token\": \"1234\"}"}},
 {"model": "social_auth.usersocialauth", "pk": 42, "fields": {"user": 43, "provider": "Facebook", "uid": "41", "extra_data": "{\"access_token\": \"1234\"}"}},
 {"model": "social_auth.usersocialauth", "pk": 43, "fields": {"user": 44, "provider": "Facebook", "uid": "42", "extra_data": "{\"access_token\": \"1234\"}"}},
 {"model": "social_auth.usersocialauth", "pk": 44, "fields": {"user": 45, "provider": "Facebook", "uid": "43", "extra_data": "{\"access_token\": \"1234\"}"}},
 {"model": "social_auth.usersocialauth", "pk": 45, "fields": {"user": 46, "provider": "Facebook", "uid": "44", "extra_data": "{\"access_token\": \"1234\"}"}},
 {"model": "social_auth.usersocialauth", "pk": 46, "fields": {"user": 47, "provider": "Facebook", "uid": "45", "extra_data": "{\"access_token\": \"1234\"}"}},
 {"model": "social_auth.usersocialauth", "pk": 47, "fields": {"user": 48, "provider": "Facebook", "uid": "46", "extra_data": "{\"access_token\": \"1234\"}"}},
 {"model": "social_auth.usersocialauth", "pk": 48, "fields": {"user": 49, "provider": "Facebook", "uid": "47", "extra_data": "{\"access_token\": \"1234\"}"}},
 {"model": "social_auth.usersocialauth", "pk": 49, "fields": {"user": 50, "provider": "Facebook", "uid": "48", "extra_data": "{\"access_token\": \"1234\"}"}},
 {"model": "social_auth.usersocialauth", "pk": 50, "fields": {"user": 51, "provider": "Facebook", "uid": "49", "extra_data": "{\"access_token\": \"1234\"}"}},
 {"model": "social_auth.usersocialauth", "pk": 51, "fields": {"user": 52, "provider": "Facebook", "uid": "50", "extra_data": "{\"access_token\": \"1234\"}"}},
 {"model": "social_auth.usersocialauth", "pk": 52, "fields": {"user": 53, "provider": "Facebook", "uid": "51", "extra_data": "{\"access_token\": \"1234\"}"}},
 {"model": "social_auth.usersocialauth", "pk": 53, "fields": {"user": 54, "provider": "Facebook", "uid": "52", "extra_data": "{\"access_token\": \"1234\"}"}},
 {"model": "social_auth.usersocialauth", "pk": 54, "fields": {"user": 55, "provider": "Facebook", "uid": "53", "extra_data": "{\"access_token\": \"1234\"}"}},
 {"model": "social_auth.usersocialauth", "pk": 55, "fields": {"user": 56, "provider": "Facebook", "uid": "54", "extra_data": "{\"access_token\": \"1234\"}"}},
 {"model": "social_auth.usersocialauth", "pk": 56, "fields": {"user": 57, "provider": "Facebook", "uid": "55", "extra_data": "{\"access_token\": \"1234\"}"}},
 {"model": "social_auth.usersocialauth", "pk": 57, "fields": {"user": 58, "provider": "Facebook", "uid": "56", "extra_data": "{\"access_token\": \"1234\"}"}},
 {"model": "social_auth.usersocialauth", "pk": 58, "fields": {"user": 59, "provider": "Facebook", "uid": "57", "extra_data": "{\"access_token\": \"1234\"}"}},
 {"model": "social_auth.usersocialauth", "pk": 59, "fields": {"user": 60, "provider": "Facebook", "uid": "58", "extra_data": "{\"access_token\": \"1234\"}"}},
 {"model": "social_auth.usersocialauth", "pk": 60, "fields": {"user": 61, "provider": "Facebook", "uid": "59", "extra_data": "{\"access_token\": \"1234\"}"}},
 {"model": "social_auth.usersocialauth", "pk": 61, "fields": {"user": 62, "provider": "Facebook", "uid": "60", "extra_data": "{\"access_token\": \"1234\"}"}},
 {"model": "social_auth.usersocialauth", "pk": 62, "fields": {"user": 63, "provider": "Facebook", "uid": "61", "extra_data": "{\"access_token\": \"1234\"}"}},
 {"model": "social_auth.usersocialauth", "pk": 63, "fields": {"user": 64, "provider": "Facebook", "uid": "62", "extra_data": "{\"access_token\": \"1234\"}"}},
 {"model": "social_auth.usersocialauth", "pk": 64, "fields": {"user": 65, "provider": "Facebook", "uid": "63", "extra_data": "{\"access_token\": \"1234\"}"}},
 {"model": "social_auth.usersocialauth", "pk": 65, "fields": {"user": 66, "provider": "Facebook", "uid": "64", "extra_data": "{\"access_token\": \"1234\"}"}},
 {"model": "social_auth.usersocialauth", "pk": 66, "fields": {"user": 67, "provider": "Facebook", "uid": "65", "extra_data": "{\"access_token\": \"1234\"}"}},
 {"model": "social_auth.usersocialauth", "pk": 67, "fields": {"user": 68, "provider": "Facebook", "uid": "66", "extra_data": "{\"access_token\": \"1234\"}"}},
 {"model": "social_auth.usersocialauth", "pk": 68, "fields": {"user": 69, "provider": "Facebook", "uid": "67", "extra_data": "{\"access_token\": \"1234\"}"}},
 {"model": "social_auth.usersocialauth", "pk": 69, "fields": {"user": 70, "provider": "Facebook", "uid": "68", "extra_data": "{\"access_token\": \"1234\"}"}},
 {"model": "social_auth.usersocialauth", "pk": 70, "fields": {"user": 71, "provider": "Facebook", "uid": "69", "extra_data": "{\"access_token\": \"1234\"}"}},
 {"model": "social_auth.usersocialauth", "pk": 71, "fields": {"user": 72, "provider": "Facebook", "uid": "70", "extra_data": "{\"access_token\": \"1234\"}"}},
 {"model": "social_auth.usersocialauth", "pk": 72, "fields": {"user": 73, "provider": "Facebook", "uid": "71", "extra_data": "{\"access_token\": \"1234\"}"}},
 {"model": "social_auth.usersocialauth", "pk": 73, "fields": {"user": 74, "provider": "Facebook", "uid": "72", "extra_data": "{\"access_token\": \"1234\"}"}},
 {"model": "social_auth.usersocialauth", "pk": 74, "fields": {"user": 75, "provider": "Facebook", "uid": "73", "extra_data": "{\"access_token\": \"1234\"}"}},
 {"model": "social_auth.usersocialauth", "pk": 75, "fields": {"user": 76, "provider": "Facebook", "uid": "74", "extra_data": "{\"access_token\": \"1234\"}"}},
 {"model": "social_auth.usersocialauth", "pk": 76, "fields": {"user": 77, "provider": "Facebook", "uid": "75", "extra_data": "{\"access_token\": \"1234\"}"}},
 {"model": "social_auth.usersocialauth", "pk": 77, "fields": {"user": 78, "provider": "Facebook", "uid": "76", "extra_data": "{\"access_token\": \"1234\"}"}},
 {"model": "social_auth.usersocialauth", "pk": 78, "fields": {"user": 79, "provider": "Facebook", "uid": "77", "extra_data": "{\"access_token\": \"1234\"}"}},
 {"model": "social_auth.usersocialauth", "pk": 79, "fields": {"user": 80, "provider": "Facebook", "uid": "78", "extra_data": "{\"access_token\": \"1234\"}"}},
 {"model": "social_auth.usersocialauth", "pk": 80, "fields": {"user": 81, "provider": "Facebook", "uid": "79", "extra_data": "{\"access_token\": \"1234\"}"}},
 {"model": "social_auth.usersocialauth", "pk": 81, "fields": {"user": 82, "provider": "Facebook", "uid": "80", "extra_data": "{\"access_token\": \"1234\"}"}},
 {"model": "social_auth.usersocialauth", "pk": 82, "fields": {"user": 83, "provider": "Facebook", "uid": "81", "extra_data": "{\"access_token\": \"1234\"}"}},
 {"model": "social_auth.usersocialauth", "pk": 83, "fields": {"user": 84, "provider": "Facebook", "uid": "82", "extra_data": "{\"access_token\": \"1234\"}"}},
 {"model": "social_auth.usersocialauth", "pk": 84, "fields": {"user": 85, "provider": "Facebook", "uid": "83", "extra_data": "{\"access_token\": \"1234\"}"}},
 {"model": "social_auth.usersocialauth", "pk": 85, "fields": {"user": 86, "provider": "Facebook", "uid": "84", "extra_data": "{\"access_token\": \"1234\"}"}},
 {"model": "social_auth.usersocialauth", "pk": 86, "fields": {"user": 87, "provider": "Facebook", "uid": "85", "extra_data": "{\"access_token\": \"1234\"}"}},
 {"model": "social_auth.usersocialauth", "pk": 87, "fields": {"user": 88, "provider": "Facebook", "uid": "86", "extra_data": "{\"access_token\": \"1234\"}"}},
 {"model": "social_auth.usersocialauth", "pk": 88, "fields": {"user": 89, "provider": "Facebook", "uid": "87", "extra_data": "{\"access_token\": \"1234\"}"}},
 {"model": "social_auth.usersocialauth", "pk": 89, "fields": {"user": 90, "provider": "Facebook", "uid": "88", "extra_data": "{\"access_token\": \"1234\"}"}},
 {"model": "social_auth.usersocialauth", "pk": 90, "fields": {"user": 91, "provider": "Facebook", "uid": "89", "extra_data": "{\"access_token\": \"1234\"}"}},
 {"model": "social_auth.usersocialauth", "pk": 91, "fields": {"user": 92, "provider": "Facebook", "uid": "90", "extra_data": "{\"access_token\": \"1234\"}"}},
 {"model": "social_auth.usersocialauth", "pk": 92, "fields": {"user": 93, "provider": "Facebook", "uid": "91", "extra_data": "{\"access_token\": \"1234\"}"}},
 {"model": "social_auth.usersocialauth", "pk": 93, "fields": {"user": 94, "provider": "Facebook", "uid": "92", "extra_data": "{\"access_token\": \"1234\"}"}},
 {"model": "social_auth.usersocialauth", "pk": 94, "fields": {"user": 95, "provider": "Facebook", "uid": "93", "extra_data": "{\"access_token\": \"1234\"}"}},
 {"model": "social_auth.usersocialauth", "pk": 95, "fields": {"user": 96, "provider": "Facebook", "uid": "94", "extra_data": "{\"access_token\": \"1234\"}"}},
 {"model": "social_auth.usersocialauth", "pk": 96, "fields": {"user": 97, "provider": "Facebook", "uid": "95", "extra_data": "{\"access_token\": \"1234\"}"}},
 {"model": "social_auth.usersocialauth", "pk": 97, "fields": {"user": 98, "provider": "Facebook", "uid": "96", "extra_data": "{\"access_token\": \"1234\"}"}},
 {"model": "social_auth.usersocialauth", "pk": 98, "fields": {"user": 99, "provider": "Facebook", "uid": "97", "extra_data": "{\"access_token\": \"1234\"}"}},
 {"model": "social_auth.usersocialauth", "pk": 99, "fields": {"user": 100, "provider": "Facebook", "uid": "98", "extra_data": "{\"access_token\": \"1234\"}"}},
 {"model": "social_auth.usersocialauth", "pk": 100, "fields": {"user": 101, "provider": "Facebook", "uid": "99", "extra_data": "{\"access_token\": \"1234\"}"}},
 {"model": "users.profile", "pk": 1, "fields": {"user": 2, "fb_name": "Anthony Harrison", "fb_id": "", "state": "Alabama", "preferred_candidate": "Clinton", "reason": null, "_paired_with": [], "friends": [2, 3, 4, 5, 6, 7, 8, 9, 10]}},
 {"model": "users.profile", "pk": 2, "fields": {"user": 3, "fb_name": "Sara Thomas", "fb_id": "", "state": "Alaska", "preferred_candidate": "Johnson", "reason": null, "_paired_with": [], "friends": [1, 3, 4, 5, 6, 7, 8, 9, 10]}},
 {"model": "users.profile", "pk": 3, "fields": {"user": 4, "fb_name": "Sherry Levine", "fb_id": "", "state": "Arizona", "preferred_candidate": "Johnson", "reason": null, "_paired_with": [], "friends": [1, 2, 4, 5, 6, 7, 8, 9, 10]}},
 {"model": "users.profile", "pk": 4, "fields": {"user": 5, "fb_name": "Tina Bowers", "fb_id": "", "state": "Arkansas", "preferred_candidate": "Clinton", "reason": null, "_paired_with": [], "friends": [1, 2, 3, 5, 6, 7, 8, 9, 10]}},
 {"model": "users.profile", "pk": 5, "fields": {"user": 6, "fb_name": "Kevin Jones", "fb_id": "", "state": "California", "preferred_candidate": "Clinton", "reason": null, "_paired_with": [], "friends": [1, 2, 3, 4, 6, 7, 8, 9, 10]}},
 {"model": "users.profile", "pk": 6, "fields": {"user": 7, "fb_name": "Jane Mcdaniel", "fb_id": "", "state": "Colorado", "preferred_candidate": "Johnson", "reason": null, "_paired_with": [], "friends": [1, 2, 3, 4, 5, 7, 8, 9, 10]}},
 {"model": "users.profile", "pk": 7, "fields": {"user": 8, "fb_name": "Russell Chavez", "fb_id": "", "state": "Connecticut", "preferred_candidate": "Clinton", "reason": null, "_paired_with": [], "friends": [1, 2, 3, 4, 5, 6, 8, 9, 10, 52]}},
 {"model": "users.profile", "pk": 8, "fields": {"user": 9, "fb_name": "Ryan Cabrera", "fb_id": "", "state": "Delaware", "preferred_candidate": "Johnson", "reason": null, "_paired_with": [], "friends": [1, 2, 3, 4, 5, 6, 7, 10, 83]}},
 {"model": "users.profile", "pk": 9, "fields": {"user": 10, "fb_name": "Teresa Weber", "fb_id": "", "state": "District of Columbia", "preferred_candidate": "Johnson", "reason": null, "_paired_with": [], "friends": [1, 2, 3, 4, 5, 6, 7, 10]}},
 {"model": "users.profile", "pk": 10, "fields": {"user": 11, "fb_name": "Daniel Montgomery", "fb_id": "", "state": "Florida", "preferred_candidate": "Johnson", "reason": null, "_paired_with": [], "friends": [1, 2, 3, 4, 5, 6, 7, 8, 9, 56]}},
 {"model": "users.profile", "pk": 11, "fields": {"user": 12, "fb_name": "Jill Martinez", "fb_id": "", "state": "Georgia", "preferred_candidate": "Johnson", "reason": null, "_paired_with": [], "friends": [12, 13, 14, 15, 16, 17, 18, 19, 20]}},
 {"model": "users.profile", "pk": 12, "fields": {"user": 13, "fb_name": "Eddie Mcfarland", "fb_id": "", "state": "Hawaii", "preferred_candidate": "Johnson", "reason": null, "_paired_with": [], "friends": [11, 13, 14, 15, 16, 17, 18, 19, 20]}},
 {"model": "users.profile", "pk": 13, "fields": {"user": 14, "fb_name": "Luis Hernandez", "fb_id": "", "state": "Idaho", "preferred_candidate": "Johnson", "reason": null, "_paired_with": [], "friends": [11, 12, 14, 15, 16, 17, 18, 19, 20, 28]}},
 {"model": "users.profile", "pk": 14, "fields": {"user": 15, "fb_name": "Kimberly York", "fb_id": "", "state": "Illinois", "preferred_candidate": "Johnson", "reason": null, "_paired_with": [], "friends": [11, 12, 13, 15, 16, 17, 18, 19, 20]}},
 {"model": "users.profile", "pk": 15, "fields": {"user": 16, "fb_name": "April Holt", "fb_id": "", "state": "Indiana", "preferred_candidate": "Johnson", "reason": null, "_paired_with": [], "friends": [11, 12, 13, 14, 16, 17, 18, 19, 20]}},
 {"model": "users.profile", "pk": 16, "fields": {"user": 17, "fb_name": "Joshua Marshall", "fb_id": "", "state": "Iowa", "preferred_candidate": "Johnson", "reason": null, "_paired_with": [], "friends": [11, 12, 13, 14, 15, 17, 18, 19, 20]}},
 {"model": "users.profile", "pk": 17, "fields": {"user": 18, "fb_name": "Jason Wilson", "fb_id": "", "state": "Kansas", "preferred_candidate": "Johnson", "reason": null, "_paired_with": [], "friends": [11, 12, 13, 14, 15, 16, 18, 19, 20]}},
 {"model": "users.profile", "pk": 18, "fields": {"user": 19, "fb_name": "Timothy Watson", "fb_id": "", "state": "Kentucky", "preferred_candidate": "Clinton", "reason": null, "_paired_with": [], "friends": [11, 12, 13, 14, 15, 16, 17, 19, 20, 51]}},
 {"model": "users.profile", "pk": 19, "fields": {"user": 20, "fb_name": "Brian Cooper", "fb_id": "", "state": "Louisiana", "preferred_candidate": "Johnson", "reason": null, "_paired_with": [], "friends": [11, 12, 13, 14, 15, 16, 17, 18, 20]}},
 {"model": "users.profile", "pk": 20, "fields": {"user": 21, "fb_name": "Linda Harrison", "fb_id": "", "state": "Maine", "preferred_candidate": "Johnson", "reason": null, "_paired_with": [], "friends": [11, 12, 13, 14, 15, 16, 17, 18, 19, 46]}},
 {"model": "users.profile", "pk": 21, "fields": {"user": 22, "fb_name": "Shannon Johnson", "fb_id": "", "state": "Maryland", "preferred_candidate": "Johnson", "reason": null, "_paired_with": [], "friends": [22, 23, 24, 25, 26, 27, 28, 29, 30]}},
 {"model": "users.profile", "pk": 22, "fields": {"user": 23, "fb_name": "Sarah Simpson", "fb_id": "", "state": "Massachusetts", "preferred_candidate": "Clinton", "reason": null, "_paired_with": [], "friends": [21, 24, 25, 26, 27, 28, 29, 30, 90]}},
 {"model": "users.profile", "pk": 23, "fields": {"user": 24, "fb_name": "Linda Robinson", "fb_id": "", "state": "Michigan", "preferred_candidate": "Clinton", "reason": null, "_paired_with": [], "friends": [21, 24, 25, 26, 27, 28, 29, 30]}},
 {"model": "users.profile", "pk": 24, "fields": {"user": 25, "fb_name": "Shane Berg", "fb_id": "", "state": "Minnesota", "preferred_candidate": "Johnson", "reason": null, "_paired_with": [], "friends": [21, 22, 23, 25, 26, 27, 28, 29, 30]}},
 {"model": "users.profile", "pk": 25, "fields": {"user": 26, "fb_name": "Michael Krueger", "fb_id": "", "state": "Mississippi", "preferred_candidate": "Johnson", "reason": null, "_paired_with": [], "friends": [21, 22, 23, 24, 26, 27, 28, 29, 30]}},
 {"model": "users.profile", "pk": 26, "fields": {"user": 27, "fb_name": "Kelly Trujillo", "fb_id": "", "state": "Missouri", "preferred_candidate": "Johnson", "reason": null, "_paired_with": [], "friends": [21, 22, 23, 24, 25, 27, 29, 30, 44, 48]}},
 {"model": "users.profile", "pk": 27, "fields": {"user": 28, "fb_name": "Christopher Parker", "fb_id": "", "state": "Montana", "preferred_candidate": "Clinton", "reason": null, "_paired_with": [], "friends": [21, 22, 23, 24, 25, 26, 28, 29, 30]}},
 {"model": "users.profile", "pk": 28, "fields": {"user": 29, "fb_name": "Gordon Patterson", "fb_id": "", "state": "Nebraska", "preferred_candidate": "Johnson", "reason": null, "_paired_with": [], "friends": [13, 21, 22, 23, 24, 25, 27, 30]}},
 {"model": "users.profile", "pk": 29, "fields": {"user": 30, "fb_name": "Kyle Simon", "fb_id": "", "state": "Nevada", "preferred_candidate": "Johnson", "reason": null, "_paired_with": [], "friends": [21, 22, 23, 24, 25, 26, 27, 37]}},
 {"model": "users.profile", "pk": 30, "fields": {"user": 31, "fb_name": "Amanda Wallace", "fb_id": "", "state": "New Hampshire", "preferred_candidate": "Johnson", "reason": null, "_paired_with": [], "friends": [21, 22, 23, 24, 25, 26, 27, 28]}},
 {"model": "users.profile", "pk": 31, "fields": {"user": 32, "fb_name": "Jeffrey Chan", "fb_id": "", "state": "New Jersey", "preferred_candidate": "Clinton", "reason": null, "_paired_with": [], "friends": [32, 33, 34, 35, 36, 37, 38, 39, 40]}},
 {"model": "users.profile", "pk": 32, "fields": {"user": 33, "fb_name": "Robert Stephenson", "fb_id": "", "state": "New Mexico", "preferred_candidate": "Johnson", "reason": null, "_paired_with": [], "friends": [31, 33, 34, 35, 36, 38, 39, 40, 46, 53]}},
 {"model": "users.profile", "pk": 33, "fields": {"user": 34, "fb_name": "Christopher Harrington", "fb_id": "", "state": "New York", "preferred_candidate": "Clinton", "reason": null, "_paired_with": [], "friends": [31, 32, 34, 35, 36, 38, 39, 40, 67]}},
 {"model": "users.profile", "pk": 34, "fields": {"user": 35, "fb_name": "Laura Molina", "fb_id": "", "state": "North Carolina", "preferred_candidate": "Clinton", "reason": null, "_paired_with": [], "friends": [31, 32, 33, 35, 36, 37, 38, 39, 90]}},
 {"model": "users.profile", "pk": 35, "fields": {"user": 36, "fb_name": "Nathan Roberts", "fb_id": "", "state": "North Dakota", "preferred_candidate": "Clinton", "reason": null, "_paired_with": [], "friends": [31, 32, 33, 34, 36, 37, 38, 39, 40]}},
 {"model": "users.profile", "pk": 36, "fields": {"user": 37, "fb_name": "Daniel Mathews", "fb_id": "", "state": "Ohio", "preferred_candidate": "Johnson", "reason": null, "_paired_with": [], "friends": [31, 32, 33, 34, 35, 37, 38, 39, 40]}},
 {"model": "users.profile", "pk": 37, "fields": {"user": 38, "fb_name": "Lisa Lucero", "fb_id": "", "state": "Oklahoma", "preferred_candidate": "Johnson", "reason": null, "_paired_with": [], "friends": [29, 31, 34, 35, 36, 38, 39, 40]}},
 {"model": "users.profile", "pk": 38, "fields": {"user": 39, "fb_name": "Amy Perez", "fb_id": "", "state": "Oregon", "preferred_candidate": "Clinton", "reason": null, "_paired_with": [], "friends": [31, 32, 33, 34, 35, 36, 37, 39, 40]}},
 {"model": "users.profile", "pk": 39, "fields": {"user": 40, "fb_name": "Antonio Ryan", "fb_id": "", "state": "Pennsylvania", "preferred_candidate": "Clinton", "reason": null, "_paired_with": [], "friends": [31, 32, 33, 34, 35, 36, 37, 38, 40]}},
 {"model": "users.profile", "pk": 40, "fields": {"user": 41, "fb_name": "Yolanda Osborne", "fb_id": "", "state": "Rhode Island", "preferred_candidate": "Johnson", "reason": null, "_paired_with": [], "friends": [31, 32, 33, 35, 36, 37, 38, 39]}},
 {"model": "users.profile", "pk": 41, "fields": {"user": 42, "fb_name": "Michael Watkins", "fb_id": "", "state": "South Carolina", "preferred_candidate": "Johnson", "reason": null, "_paired_with": [], "friends": [42, 43, 44, 45, 46, 47, 48, 49, 50]}},
 {"model": "users.profile", "pk": 42, "fields": {"user": 43, "fb_name": "Melissa Moore", "fb_id": "", "state": "South Dakota", "preferred_candidate": "Clinton", "reason": null, "_paired_with": [], "friends": [41, 43, 44, 45, 46, 47, 48, 49, 50]}},
 {"model": "users.profile", "pk": 43, "fields": {"user": 44, "fb_name": "Mark Clark", "fb_id": "", "state": "Tennessee", "preferred_candidate": "Clinton", "reason": null, "_paired_with": [], "friends": [41, 42, 44, 45, 46, 47, 48, 49, 50, 95]}},
 {"model": "users.profile", "pk": 44, "fields": {"user": 45, "fb_name": "Dwayne Harris", "fb_id": "", "state": "Texas", "preferred_candidate": "Clinton", "reason": null, "_paired_with": [], "friends": [26, 41, 42, 43, 45, 46, 47, 48, 49, 50]}},
 {"model": "users.profile", "pk": 45, "fields": {"user": 46, "fb_name": "Natalie Wells", "fb_id": "", "state": "Utah", "preferred_candidate": "Johnson", "reason": null, "_paired_with": [], "friends": [41, 42, 43, 44, 46, 47, 48, 49, 50]}},
 {"model": "users.profile", "pk": 46, "fields": {"user": 47, "fb_name": "Thomas Johnston", "fb_id": "", "state": "Vermont", "preferred_candidate": "Johnson", "reason": null, "_paired_with": [], "friends": [20, 32, 41, 42, 43, 44, 45, 47, 48, 50]}},
 {"model": "users.profile", "pk": 47, "fields": {"user": 48, "fb_name": "Cynthia Hopkins", "fb_id": "", "state": "Virginia", "preferred_candidate": "Clinton", "reason": null, "_paired_with": [], "friends": [41, 42, 43, 44, 45, 46, 48, 49, 50]}},
 {"model": "users.profile", "pk": 48, "fields": {"user": 49, "fb_name": "Richard Chase", "fb_id": "", "state": "Washington", "preferred_candidate": "Johnson", "reason": null, "_paired_with": [], "friends": [26, 41, 42, 43, 44, 45, 46, 47, 49]}},
 {"model": "users.profile", "pk": 49, "fields": {"user": 50, "fb_name": "Linda Garcia", "fb_id": "", "state": "West Virginia", "preferred_candidate": "Johnson", "reason": null, "_paired_with": [], "friends": [41, 42, 43, 44, 45, 47, 48, 50]}},
 {"model": "users.profile", "pk": 50, "fields": {"user": 51, "fb_name": "Carrie Norman", "fb_id": "", "state": "Wisconsin", "preferred_candidate": "Johnson", "reason": null, "_paired_with": [], "friends": [41, 42, 43, 44, 45, 46, 47, 49]}},
 {"model": "users.profile", "pk": 51, "fields": {"user": 52, "fb_name": "Ashley Taylor", "fb_id": "", "state": "Wyoming", "preferred_candidate": "Clinton", "reason": null, "_paired_with": [], "friends": [18, 52, 53, 54, 55, 57, 58, 59, 60]}},
 {"model": "users.profile", "pk": 52, "fields": {"user": 53, "fb_name": "Jerome Johnson", "fb_id": "", "state": "Alabama", "preferred_candidate": "Clinton", "reason": null, "_paired_with": [], "friends": [7, 51, 53, 54, 55, 56, 57, 59, 60]}},
 {"model": "users.profile", "pk": 53, "fields": {"user": 54, "fb_name": "Vicki Griffin", "fb_id": "", "state": "Alaska", "preferred_candidate": "Johnson", "reason": null, "_paired_with": [], "friends": [32, 51, 52, 54, 55, 56, 57, 59, 60]}},
 {"model": "users.profile", "pk": 54, "fields": {"user": 55, "fb_name": "Alyssa Mclean", "fb_id": "", "state": "Arizona", "preferred_candidate": "Johnson", "reason": null, "_paired_with": [], "friends": [51, 52, 53, 55, 56, 57, 58, 59, 60]}},
 {"model": "users.profile", "pk": 55, "fields": {"user": 56, "fb_name": "Michaela Brewer", "fb_id": "", "state": "Arkansas", "preferred_candidate": "Clinton", "reason": null, "_paired_with": [], "friends": [51, 52, 53, 54, 56, 57, 58, 59, 60]}},
 {"model": "users.profile", "pk": 56, "fields": {"user": 57, "fb_name": "Sabrina Frazier", "fb_id": "", "state": "California", "preferred_candidate": "Clinton", "reason": null, "_paired_with": [], "friends": [10, 52, 53, 54, 55, 58, 59, 60]}},
 {"model": "users.profile", "pk": 57, "fields": {"user": 58, "fb_name": "Sharon Mullins", "fb_id": "", "state": "Colorado", "preferred_candidate": "Clinton", "reason": null, "_paired_with": [], "friends": [51, 52, 53, 54, 55, 58, 59, 60]}},
 {"model": "users.profile", "pk": 58, "fields": {"user": 59, "fb_name": "Michael Gray", "fb_id": "", "state": "Connecticut", "preferred_candidate": "Clinton", "reason": null, "_paired_with": [], "friends": [51, 54, 55, 56, 57, 59, 60]}},
 {"model": "users.profile", "pk": 59, "fields": {"user": 60, "fb_name": "John Murphy", "fb_id": "", "state": "Delaware", "preferred_candidate": "Clinton", "reason": null, "_paired_with": [], "friends": [51, 52, 53, 54, 55, 56, 57, 58, 60]}},
 {"model": "users.profile", "pk": 60, "fields": {"user": 61, "fb_name": "Gregory Lopez", "fb_id": "", "state": "District of Columbia", "preferred_candidate": "Johnson", "reason": null, "_paired_with": [], "friends": [51, 52, 53, 54, 55, 56, 57, 58, 59]}},
 {"model": "users.profile", "pk": 61, "fields": {"user": 62, "fb_name": "Richard Clark", "fb_id": "", "state": "Florida", "preferred_candidate": "Johnson", "reason": null, "_paired_with": [], "friends": [62, 63, 64, 65, 66, 67, 68, 69, 70]}},
 {"model": "users.profile", "pk": 62, "fields": {"user": 63, "fb_name": "Dylan Martin", "fb_id": "", "state": "Georgia", "preferred_candidate": "Clinton", "reason": null, "_paired_with": [], "friends": [61, 63, 64, 65, 66, 67, 68, 69, 70]}},
 {"model": "users.profile", "pk": 63, "fields": {"user": 64, "fb_name": "Adrienne Velez", "fb_id": "", "state": "Hawaii", "preferred_candidate": "Clinton", "reason": null, "_paired_with": [], "friends": [61, 62, 65, 66, 67, 68, 69, 70, 82]}},
 {"model": "users.profile", "pk": 64, "fields": {"user": 65, "fb_name": "Tasha Jones", "fb_id": "", "state": "Idaho", "preferred_candidate": "Johnson", "reason": null, "_paired_with": [], "friends": [61, 62, 65, 66, 67, 68, 69, 70]}},
 {"model": "users.profile", "pk": 65, "fields": {"user": 66, "fb_name": "Monica Martin", "fb_id": "", "state": "Illinois", "preferred_candidate": "Clinton", "reason": null, "_paired_with": [], "friends": [61, 62, 63, 64, 66, 67, 68, 69, 70]}},
 {"model": "users.profile", "pk": 66, "fields": {"user": 67, "fb_name": "Jennifer Morris", "fb_id": "", "state": "Indiana", "preferred_candidate": "Johnson", "reason": null, "_paired_with": [], "friends": [61, 62, 63, 64, 65, 67, 68, 69, 70]}},
 {"model": "users.profile", "pk": 67, "fields": {"user": 68, "fb_name": "Katrina Carney", "fb_id": "", "state": "Iowa", "preferred_candidate": "Clinton", "reason": null, "_paired_with": [], "friends": [33, 61, 62, 63, 64, 65, 66, 68, 69, 70]}},
 {"model": "users.profile", "pk": 68, "fields": {"user": 69, "fb_name": "Glen Preston", "fb_id": "", "state": "Kansas", "preferred_candidate": "Clinton", "reason": null, "_paired_with": [], "friends": [61, 62, 63, 64, 65, 66, 67, 69, 70]}},
 {"model": "users.profile", "pk": 69, "fields": {"user": 70, "fb_name": "Lawrence Kaiser", "fb_id": "", "state": "Kentucky", "preferred_candidate": "Johnson", "reason": null, "_paired_with": [], "friends": [61, 62, 63, 64, 65, 66, 67, 68, 70]}},
 {"model": "users.profile", "pk": 70, "fields": {"user": 71, "fb_name": "Justin Glenn", "fb_id": "", "state": "Louisiana", "preferred_candidate": "Johnson", "reason": null, "_paired_with": [], "friends": [61, 62, 63, 64, 65, 66, 67, 68, 69]}},
 {"model": "users.profile", "pk": 71, "fields": {"user": 72, "fb_name": "James Myers", "fb_id": "", "state": "Maine", "preferred_candidate": "Johnson", "reason": null, "_paired_with": [], "friends": [72, 73, 74, 76, 77, 78, 79, 80, 94]}},
 {"model": "users.profile", "pk": 72, "fields": {"user": 73, "fb_name": "Courtney Roberts", "fb_id": "", "state": "Maryland", "preferred_candidate": "Johnson", "reason": null, "_paired_with": [], "friends": [71, 73, 74, 75, 76, 77, 78, 79, 80]}},
 {"model": "users.profile", "pk": 73, "fields": {"user": 74, "fb_name": "Allison Allen", "fb_id": "", "state": "Massachusetts", "preferred_candidate": "Clinton", "reason": null, "_paired_with": [], "friends": [71, 72, 74, 75, 76, 77, 78, 79, 80]}},
 {"model": "users.profile", "pk": 74, "fields": {"user": 75, "fb_name": "Bradley Chen", "fb_id": "", "state": "Michigan", "preferred_candidate": "Johnson", "reason": null, "_paired_with": [], "friends": [71, 72, 73, 75, 76, 77, 79, 80, 81]}},
 {"model": "users.profile", "pk": 75, "fields": {"user": 76, "fb_name": "Casey Phelps", "fb_id": "", "state": "Minnesota", "preferred_candidate": "Johnson", "reason": null, "_paired_with": [], "friends": [72, 73, 74, 76, 77, 78, 79, 80]}},
 {"model": "users.profile", "pk": 76, "fields": {"user": 77, "fb_name": "Gail Adkins", "fb_id": "", "state": "Mississippi", "preferred_candidate": "Johnson", "reason": null, "_paired_with": [], "friends": [71, 72, 73, 74, 75, 77, 78, 79, 80]}},
 {"model": "users.profile", "pk": 77, "fields": {"user": 78, "fb_name": "Michael Mcfarland", "fb_id": "", "state": "Missouri", "preferred_candidate": "Johnson", "reason": null, "_paired_with": [], "friends": [71, 72, 73, 74, 75, 76, 78, 79, 80]}},
 {"model": "users.profile", "pk": 78, "fields": {"user": 79, "fb_name": "Robert Jones", "fb_id": "", "state": "Montana", "preferred_candidate": "Clinton", "reason": null, "_paired_with": [], "friends": [71, 72, 73, 75, 76, 77, 79, 80]}},
 {"model": "users.profile", "pk": 79, "fields": {"user": 80, "fb_name": "Lisa Haynes", "fb_id": "", "state": "Nebraska", "preferred_candidate": "Clinton", "reason": null, "_paired_with": [], "friends": [71, 72, 73, 74, 75, 76, 77, 78, 80]}},
 {"model": "users.profile", "pk": 80, "fields": {"user": 81, "fb_name": "Brenda Stewart", "fb_id": "", "state": "Nevada", "preferred_candidate": "Johnson", "reason": null, "_paired_with": [], "friends": [71, 72, 73, 74, 75, 76, 77, 78, 79]}},
 {"model": "users.profile", "pk": 81, "fields": {"user": 82, "fb_name": "Angelica Wilson", "fb_id": "", "state": "New Hampshire", "preferred_candidate": "Clinton", "reason": null, "_paired_with": [], "friends": [74, 82, 83, 84, 85, 86, 87, 88, 89, 90]}},
 {"model": "users.profile", "pk": 82, "fields": {"user": 83, "fb_name": "Erin Mccarty", "fb_id": "", "state": "New Jersey", "preferred_candidate": "Clinton", "reason": null, "_paired_with": [], "friends": [63, 81, 83, 84, 85, 86, 87, 88, 89, 90]}},
 {"model": "users.profile", "pk": 83, "fields": {"user": 84, "fb_name": "Shawn Bond", "fb_id": "", "state": "New Mexico", "preferred_candidate": "Clinton", "reason": null, "_paired_with": [], "friends": [8, 81, 82, 84, 85, 86, 87, 88, 89, 90]}},
 {"model": "users.profile", "pk": 84, "fields": {"user": 85, "fb_name": "Mark Daniel", "fb_id": "", "state": "New York", "preferred_candidate": "Johnson", "reason": null, "_paired_with": [], "friends": [81, 82, 83, 85, 86, 87, 88, 89, 90]}},
 {"model": "users.profile", "pk": 85, "fields": {"user": 86, "fb_name": "Thomas Hess", "fb_id": "", "state": "North Carolina", "preferred_candidate": "Johnson", "reason": null, "_paired_with": [], "friends": [81, 82, 83, 84, 86, 87, 88, 89, 90]}},
 {"model": "users.profile", "pk": 86, "fields": {"user": 87, "fb_name": "Catherine Lewis", "fb_id": "", "state": "North Dakota", "preferred_candidate": "Johnson", "reason": null, "_paired_with": [], "friends": [81, 82, 83, 84, 85, 87, 88, 89, 90]}},
 {"model": "users.profile", "pk": 87, "fields": {"user": 88, "fb_name": "Douglas Scott", "fb_id": "", "state": "Ohio", "preferred_candidate": "Clinton", "reason": null, "_paired_with": [], "friends": [81, 82, 83, 84, 85, 86, 88, 89, 90]}},
 {"model": "users.profile", "pk": 88, "fields": {"user": 89, "fb_name": "Samantha Brooks", "fb_id": "", "state": "Oklahoma", "preferred_candidate": "Clinton", "reason": null, "_paired_with": [], "friends": [81, 82, 83, 84, 85, 86, 87, 89, 90]}},
 {"model": "users.profile", "pk": 89, "fields": {"user": 90, "fb_name": "Sabrina Romero", "fb_id": "", "state": "Oregon", "preferred_candidate": "Clinton", "reason": null, "_paired_with": [], "friends": [81, 82, 83, 84, 85, 86, 87, 88, 90]}},
 {"model": "users.profile", "pk": 90, "fields": {"user": 91, "fb_name": "Rodney Vasquez", "fb_id": "", "state": "Pennsylvania", "preferred_candidate": "Clinton", "reason": null, "_paired_with": [], "friends": [22, 34, 81, 82, 83, 84, 85, 86, 87, 88, 89]}},
 {"model": "users.profile", "pk": 91, "fields": {"user": 92, "fb_name": "Rachael Mccarthy", "fb_id": "", "state": "Rhode Island", "preferred_candidate": "Johnson", "reason": null, "_paired_with": [], "friends": [92, 93, 94, 95, 96, 97, 98, 99, 100]}},
 {"model": "users.profile", "pk": 92, "fields": {"user": 93, "fb_name": "Joseph Norris", "fb_id": "", "state": "South Carolina", "preferred_candidate": "Johnson", "reason": null, "_paired_with": [], "friends": [91, 93, 94, 95, 96, 97, 98, 99, 100]}},
 {"model": "users.profile", "pk": 93, "fields": {"user": 94, "fb_name": "Diana Pace", "fb_id": "", "state": "South Dakota", "preferred_candidate": "Clinton", "reason": null, "_paired_with": [], "friends": [91, 92, 94, 95, 96, 97, 98, 99, 100]}},
 {"model": "users.profile", "pk": 94, "fields": {"user": 95, "fb_name": "Megan Anderson", "fb_id": "", "state": "Tennessee", "preferred_candidate": "Johnson", "reason": null, "_paired_with": [], "friends": [71, 91, 92, 93, 95, 96, 97, 98, 99, 100]}},
 {"model": "users.profile", "pk": 95, "fields": {"user": 96, "fb_name": "Jason Brewer", "fb_id": "", "state": "Texas", "preferred_candidate": "Clinton", "reason": null, "_paired_with": [], "friends": [43, 91, 92, 93, 94, 96, 97, 98, 100]}},
 {"model": "users.profile", "pk": 96, "fields": {"user": 97, "fb_name": "Tanya Smith", "fb_id": "", "state": "Utah", "preferred_candidate": "Clinton", "reason": null, "_paired_with": [], "friends": [91, 92, 93, 94, 95, 97, 98, 99, 100]}},
 {"model": "users.profile", "pk": 97, "fields": {"user": 98, "fb_name": "Sabrina Harrison", "fb_id": "", "state": "Vermont", "preferred_candidate": "Johnson", "reason": null, "_paired_with": [], "friends": [91, 92, 93, 94, 95, 96, 98, 99, 100]}},
 {"model": "users.profile", "pk": 98, "fields": {"user": 99, "fb_name": "Jesse Ellis", "fb_id": "", "state": "Virginia", "preferred_candidate": "Clinton", "reason": null, "_paired_with": [], "friends": [91, 92, 93, 94, 95, 96, 97, 99, 100]}},
 {"model": "users.profile", "pk": 99, "fields": {"user": 100, "fb_name": "Ryan Reyes", "fb_id": "", "state": "Washington", "preferred_candidate": "Johnson", "reason": null, "_paired_with": [], "friends": [91, 92, 93, 94, 96, 97, 98, 100]}},
 {"model": "users.profile", "pk": 100, "fields": {"user": 101, "fb_name": "Kenneth Adams", "fb_id": "", "state": "West Virginia", "preferred_candidate": "Clinton", "reason": null, "_paired_with": [], "friends": [91, 92, 93, 94, 95, 96, 97, 98, 99]}}]