[{"model": "contenttypes.contenttype", "pk": 1, "fields": {"app_label": "admin", "model": "logentry"}},
 {"model": "contenttypes.contenttype", "pk": 2, "fields": {"app_label": "auth", "model": "permission"}},
 {"model": "contenttypes.contenttype", "pk": 3, "fields": {"app_label": "auth", "model": "group"}},
 {"model": "contenttypes.contenttype", "pk": 4, "fields": {"app_label": "auth", "model": "user"}},
 {"model": "contenttypes.contenttype", "pk": 5, "fields": {"app_label": "contenttypes", "model": "contenttype"}},
 {"model": "contenttypes.contenttype", "pk": 6, "fields": {"app_label": "sessions", "model": "session"}},
 {"model": "contenttypes.contenttype", "pk": 7, "fields": {"app_label": "social_auth", "model": "usersocialauth"}},
 {"model": "contenttypes.contenttype", "pk": 8, "fields": {"app_label": "social_auth", "model": "nonce"}},
 {"model": "contenttypes.contenttype", "pk": 9, "fields": {"app_label": "social_auth", "model": "association"}},
 {"model": "contenttypes.contenttype", "pk": 10, "fields": {"app_label": "social_auth", "model": "code"}},
 {"model": "contenttypes.contenttype", "pk": 11, "fields": {"app_label": "polling", "model": "state"}},
 {"model": "contenttypes.contenttype", "pk": 12, "fields": {"app_label": "users", "model": "pairproposal"}},
 {"model": "contenttypes.contenttype", "pk": 13, "fields": {"app_label": "users", "model": "profile"}},
 {"model": "polling.state", "pk": 1, "fields": {"name": "Alabama", "updated": "2016-09-29T00:00:00Z", "abbv": "AL", "tipping_point_rank": -1, "safe_for": "Trump", "safe_rank": 5, "leans": "", "lean_rank": -1}},
 {"model": "polling.state", "pk": 2, "fields": {"name": "Alaska", "updated": "2016-09-29T00:00:00Z", "abbv": "AK", "tipping_point_rank": -1, "safe_for": "Trump", "safe_rank": 17, "leans": "", "lean_rank": -1}},
 {"model": "polling.state", "pk": 3, "fields": {"name": "Arizona", "updated": "2016-09-29T00:00:00Z", "abbv": "AZ", "tipping_point_rank": -1, "safe_for": "Trump", "safe_rank": 23, "leans": "", "lean_rank": -1}},
 {"model": "polling.state", "pk": 4, "fields": {"name": "Arkansas", "updated": "2016-09-29T00:00:00Z", "abbv": "AR", "tipping_point_rank": -1, "safe_for": "Trump", "safe_rank": 7, "leans": "", "lean_rank": -1}},
 {"model": "polling.state", "pk": 5, "fields": {"name": "California", "updated": "2016-09-29T00:00:00Z", "abbv": "CA", "tipping_point_rank": -1, "safe_for": "Clinton", "safe_rank": 5, "leans": "", "lean_rank": -1}},
 {"model": "polling.state", "pk": 6, "fields": {"name": "Colorado", "updated": "2016-09-29T00:00:00Z", "abbv": "CO", "tipping_point_rank": 6, "safe_for": "", "safe_rank": -1, "leans": "Clinton", "lean_rank": -1}},
 {"model": "polling.state", "pk": 7, "fields": {"name": "Connecticut", "updated": "2016-09-29T00:00:00Z", "abbv": "CT", "tipping_point_rank": -1, "safe_for": "Clinton", "safe_rank": 10, "leans": "", "lean_rank": -1}},
 {"model": "polling.state", "pk": 8, "fields": {"name": "Delaware", "updated": "2016-09-29T00:00:00Z", "abbv": "DE", "tipping_point_rank": -1, "safe_for": "Clinton", "safe_rank": 13, "leans": "", "lean_rank": -1}},
 {"model": "polling.state", "pk": 9, "fields": {"name": "District of Columbia", "updated": "2016-09-29T00:00:00Z", "abbv": "DC", "tipping_point_rank": -1, "safe_for": "Clinton", "safe_rank": 1, "leans": "", "lean_rank": -1}},
 {"model": "polling.state", "pk": 10, "fields": {"name": "Florida", "updated": "2016-09-29T00:00:00Z", "abbv": "FL", "tipping_point_rank": 1, "safe_for": "", "safe_rank": -1, "leans": "Clinton", "lean_rank": -1}},
 {"model": "polling.state", "pk": 11, "fields": {"name": "Georgia", "updated": "2016-09-29T00:00:00Z", "abbv": "GA", "tipping_point_rank": -1, "safe_for": "Trump", "safe_rank": 22, "leans": "", "lean_rank": -1}},
 {"model": "polling.state", "pk": 12, "fields": {"name": "Hawaii", "updated": "2016-09-29T00:00:00Z", "abbv": "HI", "tipping_point_rank": -1, "safe_for": "Clinton", "safe_rank": 2, "leans": "", "lean_rank": -1}},
 {"model": "polling.state", "pk": 13, "fields": {"name": "Idaho", "updated": "2016-09-29T00:00:00Z", "abbv": "ID", "tipping_point_rank": -1, "safe_for": "Trump", "safe_rank": 2, "leans": "", "lean_rank": -1}},
 {"model": "polling.state", "pk": 14, "fields": {"name": "Illinois", "updated": "2016-09-29T00:00:00Z", "abbv": "IL", "tipping_point_rank": -1, "safe_for": "Clinton", "safe_rank": 8, "leans": "", "lean_rank": -1}},
 {"model": "polling.state", "pk": 15, "fields": {"name": "Indiana", "updated": "2016-09-29T00:00:00Z", "abbv": "IN", "tipping_point_rank": -1, "safe_for": "Trump", "safe_rank": 18, "leans": "", "lean_rank": -1}},
 {"model": "polling.state", "pk": 16, "fields": {"name": "Iowa", "updated": "2016-09-29T00:00:00Z", "abbv": "IA", "tipping_point_rank": -1, "safe_for": "Trump", "safe_rank": 24, "leans": "", "lean_rank": -1}},
 {"model": "polling.state", "pk": 17, "fields": {"name": "Kansas", "updated": "2016-09-29T00:00:00Z", "abbv": "KS", "tipping_point_rank": -1, "safe_for": "Trump", "safe_rank": 15, "leans": "", "lean_rank": -1}},
 {"model": "polling.state", "pk": 18, "fields": {"name": "Kentucky", "updated": "2016-09-29T00:00:00Z", "abbv": "KY", "tipping_point_rank": -1, "safe_for": "Trump", "safe_rank": 11, "leans": "", "lean_rank": -1}},
 {"model": "polling.state", "pk": 19, "fields": {"name": "Louisiana", "updated": "2016-09-29T00:00:00Z", "abbv": "LA", "tipping_point_rank": -1, "safe_for": "Trump", "safe_rank": 13, "leans": "", "lean_rank": -1}},
 {"model": "polling.state", "pk": 20, "fields": {"name": "Maine", "updated": "2016-09-29T00:00:00Z", "abbv": "ME", "tipping_point_rank": -1, "safe_for": "Clinton", "safe_rank": 16, "leans": "", "lean_rank": -1}},
 {"model": "polling.state", "pk": 21, "fields": {"name": "Maryland", "updated": "2016-09-29T00:00:00Z", "abbv": "MD", "tipping_point_rank": -1, "safe_for": "Clinton", "safe_rank": 3, "leans": "", "lean_rank": -1}},
 {"model": "polling.state", "pk": 22, "fields": {"name": "Massachusetts", "updated": "2016-09-29T00:00:00Z", "abbv": "MA", "tipping_point_rank": -1, "safe_for": "Clinton", "safe_rank": 6, "leans": "", "lean_rank": -1}},
 {"model": "polling.state", "pk": 23, "fields": {"name": "Michigan", "updated": "2016-09-29T00:00:00Z", "abbv": "MI", "tipping_point_rank": 3, "safe_for": "", "safe_rank": -1, "leans": "Clinton", "lean_rank": -1}},
 {"model": "polling.state", "pk": 24, "fields": {"name": "Minnesota", "updated": "2016-09-29T00:00:00Z", "abbv": "MN", "tipping_point_rank": 9, "safe_for": "", "safe_rank": -1, "leans": "Clinton", "lean_rank": -1}},
 {"model": "polling.state", "pk": 25, "fields": {"name": "Mississippi", "updated": "2016-09-29T00:00:00Z", "abbv": "MS", "tipping_point_rank": -1, "safe_for": "Trump", "safe_rank": 12, "leans": "", "lean_rank": -1}},
 {"model": "polling.state", "pk": 26, "fields": {"name": "Missouri", "updated": "2016-09-29T00:00:00Z", "abbv": "MO", "tipping_point_rank": -1, "safe_for": "Trump", "safe_rank": 21, "leans": "", "lean_rank": -1}},
 {"model": "polling.state", "pk": 27, "fields": {"name": "Montana", "updated": "2016-09-29T00:00:00Z", "abbv": "MT", "tipping_point_rank": -1, "safe_for": "Trump", "safe_rank": 16, "leans": "", "lean_rank": -1}},
 {"model": "polling.state", "pk": 28, "fields": {"name": "Nebraska", "updated": "2016-09-29T00:00:00Z", "abbv": "NE", "tipping_point_rank": -1, "safe_for": "Trump", "safe_rank": 6, "leans": "", "lean_rank": -1}},
 {"model": "polling.state", "pk": 29, "fields": {"name": "Nevada", "updated": "2016-09-29T00:00:00Z", "abbv": "NV", "tipping_point_rank": 10, "safe_for": "", "safe_rank": -1, "leans": "Clinton", "lean_rank": -1}},
 {"model": "polling.state", "pk": 30, "fields": {"name": "New Hampshire", "updated": "2016-09-29T00:00:00Z", "abbv": "NH", "tipping_point_rank": 11, "safe_for": "", "safe_rank": -1, "leans": "Clinton", "lean_rank": -1}},
 {"model": "polling.state", "pk": 31, "fields": {"name": "New Jersey", "updated": "2016-09-29T00:00:00Z", "abbv": "NJ", "tipping_point_rank": -1, "safe_for": "Clinton", "safe_rank": 14, "leans": "", "lean_rank": -1}},
 {"model": "polling.state", "pk": 32, "fields": {"name": "New Mexico", "updated": "2016-09-29T00:00:00Z", "abbv": "NM", "tipping_point_rank": -1, "safe_for": "Clinton", "safe_rank": 15, "leans": "", "lean_rank": -1}},
 {"model": "polling.state", "pk": 33, "fields": {"name": "New York", "updated": "2016-09-29T00:00:00Z", "abbv": "NY", "tipping_point_rank": -1, "safe_for": "Clinton", "safe_rank": 7, "leans": "", "lean_rank": -1}},
 {"model": "polling.state", "pk": 34, "fields": {"name": "North Carolina", "updated": "2016-09-29T00:00:00Z", "abbv": "NC", "tipping_point_rank": 4, "safe_for": "", "safe_rank": -1, "leans": "Trump", "lean_rank": -1}},
 {"model": "polling.state", "pk": 35, "fields": {"name": "North Dakota", "updated": "2016-09-29T00:00:00Z", "abbv": "ND", "tipping_point_rank": -1, "safe_for": "Trump", "safe_rank": 9, "leans": "", "lean_rank": -1}},
 {"model": "polling.state", "pk": 36, "fields": {"name": "Ohio", "updated": "2016-09-29T00:00:00Z", "abbv": "OH", "tipping_point_rank": 5, "safe_for": "", "safe_rank": -1, "leans": "Trump", "lean_rank": -1}},
 {"model": "polling.state", "pk": 37, "fields": {"name": "Oklahoma", "updated": "2016-09-29T00:00:00Z", "abbv": "OK", "tipping_point_rank": -1, "safe_for": "Trump", "safe_rank": 3, "leans": "", "lean_rank": -1}},
 {"model": "polling.state", "pk": 38, "fields": {"name": "Oregon", "updated": "2016-09-29T00:00:00Z", "abbv": "OR", "tipping_point_rank": -1, "safe_for": "Clinton", "safe_rank": 12, "leans": "", "lean_rank": -1}},
 {"model": "polling.state", "pk": 39, "fields": {"name": "Pennsylvania", "updated": "2016-09-29T00:00:00Z", "abbv": "PA", "tipping_point_rank": 2, "safe_for": "", "safe_rank": -1, "leans": "Clinton", "lean_rank": -1}},
 {"model": "polling.state", "pk": 40, "fields": {"name": "Rhode Island", "updated": "2016-09-29T00:00:00Z", "abbv": "RI", "tipping_point_rank": -1, "safe_for": "Clinton", "safe_rank": 9, "leans": "", "lean_rank": -1}},
 {"model": "polling.state", "pk": 41, "fields": {"name": "South Carolina", "updated": "2016-09-29T00:00:00Z", "abbv": "SC", "tipping_point_rank": -1, "safe_for": "Trump", "safe_rank": 20, "leans": "", "lean_rank": -1}},
 {"model": "polling.state", "pk": 42, "fields": {"name": "South Dakota", "updated": "2016-09-29T00:00:00Z", "abbv": "SD", "tipping_point_rank": -1, "safe_for": "Trump", "safe_rank": 14, "leans": "", "lean_rank": -1}},
 {"model": "polling.state", "pk": 43, "fields": {"name": "Tennessee", "updated": "2016-09-29T00:00:00Z", "abbv": "TN", "tipping_point_rank": -1, "safe_for": "Trump", "safe_rank": 8, "leans": "", "lean_rank": -1}},
 {"model": "polling.state", "pk": 44, "fields": {"name": "Texas", "updated": "2016-09-29T00:00:00Z", "abbv": "TX", "tipping_point_rank": -1, "safe_for": "Trump", "safe_rank": 19, "leans": "", "lean_rank": -1}},
 {"model": "polling.state", "pk": 45, "fields": {"name": "Utah", "updated": "2016-09-29T00:00:00Z", "abbv": "UT", "tipping_point_rank": -1, "safe_for": "Trump", "safe_rank": 10, "leans": "", "lean_rank": -1}},
 {"model": "polling.state", "pk": 46, "fields": {"name": "Vermont", "updated": "2016-09-29T00:00:00Z", "abbv": "VT", "tipping_point_rank": -1, "safe_for": "Clinton", "safe_rank": 4, "leans": "", "lean_rank": -1}},
 {"model": "polling.state", "pk": 47, "fields": {"name": "Virginia", "updated": "2016-09-29T00:00:00Z", "abbv": "VA", "tipping_point_rank": 7, "safe_for": "", "safe_rank": -1, "leans": "Clinton", "lean_rank": -1}},
 {"model": "polling.state", "pk": 48, "fields": {"name": "Washington", "updated": "2016-09-29T00:00:00Z", "abbv": "WA", "tipping_point_rank": -1, "safe_for": "Clinton", "safe_rank": 11, "leans": "", "lean_rank": -1}},
 {"model": "polling.state", "pk": 49, "fields": {"name": "West Virginia", "updated": "2016-09-29T00:00:00Z", "abbv": "WV", "tipping_point_rank": -1, "safe_for": "Trump", "safe_rank": 4, "leans": "", "lean_rank": -1}},
 {"model": "polling.state", "pk": 50, "fields": {"name": "Wisconsin", "updated": "2016-09-29T00:00:00Z", "abbv": "WI", "tipping_point_rank": 8, "safe_for": "", "safe_rank": -1, "leans": "Clinton", "lean_rank": -1}},
 {"model": "polling.state", "pk": 51, "fields": {"name": "Wyoming", "updated": "2016-09-29T00:00:00Z", "abbv": "WY", "tipping_point_rank": -1, "safe_for": "Trump", "safe_rank": 1, "leans": "", "lean_rank": -1}},
 {"model": "auth.permission", "pk": 1, "fields": {"name": "Can add log entry", "content_type": 1, "codename": "add_logentry"}},
 {"model": "auth.permission", "pk": 2, "fields": {"name": "Can change log entry", "content_type": 1, "codename": "change_logentry"}},
 {"model": "auth.permission", "pk": 3, "fields": {"name": "Can delete log entry", "content_type": 1, "codename": "delete_logentry"}},
 {"model": "auth.permission", "pk": 4, "fields": {"name": "Can add permission", "content_type": 2, "codename": "add_permission"}},
 {"model": "auth.permission", "pk": 5, "fields": {"name": "Can change permission", "content_type": 2, "codename": "change_permission"}},
 {"model": "auth.permission", "pk": 6, "fields": {"name": "Can delete permission", "content_type": 2, "codename": "delete_permission"}},
 {"model": "auth.permission", "pk": 7, "fields": {"name": "Can add group", "content_type": 3, "codename": "add_group"}},
 {"model": "auth.permission", "pk": 8, "fields": {"name": "Can change group", "content_type": 3, "codename": "change_group"}},
 {"model": "auth.permission", "pk": 9, "fields": {"name": "Can delete group", "content_type": 3, "codename": "delete_group"}},
 {"model": "auth.permission", "pk": 10, "fields": {"name": "Can add user", "content_type": 4, "codename": "add_user"}},
 {"model": "auth.permission", "pk": 11, "fields": {"name": "Can change user", "content_type": 4, "codename": "change_user"}},
 {"model": "auth.permission", "pk": 12, "fields": {"name": "Can delete user", "content_type": 4, "codename": "delete_user"}},
 {"model": "auth.permission", "pk": 13, "fields": {"name": "Can add content type", "content_type": 5, "codename": "add_contenttype"}},
 {"model": "auth.permission", "pk": 14, "fields": {"name": "Can change content type", "content_type": 5, "codename": "change_contenttype"}},
 {"model": "auth.permission", "pk": 15, "fields": {"name": "Can delete content type", "content_type": 5, "codename": "delete_contenttype"}},
 {"model": "auth.permission", "pk": 16, "fields": {"name": "Can add session", "content_type": 6, "codename": "add_session"}},
 {"model": "auth.permission", "pk": 17, "fields": {"name": "Can change session", "content_type": 6, "codename": "change_session"}},
 {"model": "auth.permission", "pk": 18, "fields": {"name": "Can delete session", "content_type": 6, "codename": "delete_session"}},
 {"model": "auth.permission", "pk": 19, "fields": {"name": "Can add user social auth", "content_type": 7, "codename": "add_usersocialauth"}},
 {"model": "auth.permission", "pk": 20, "fields": {"name": "Can change user social auth", "content_type": 7, "codename": "change_usersocialauth"}},
 {"model": "auth.permission", "pk": 21, "fields": {"name": "Can delete user social auth", "content_type": 7, "codename": "delete_usersocialauth"}},
 {"model": "auth.permission", "pk": 22, "fields": {"name": "Can add nonce", "content_type": 8, "codename": "add_nonce"}},
 {"model": "auth.permission", "pk": 23, "fields": {"name": "Can change nonce", "content_type": 8, "codename": "change_nonce"}},
 {"model": "auth.permission", "pk": 24, "fields": {"name": "Can delete nonce", "content_type": 8, "codename": "delete_nonce"}},
 {"model": "auth.permission", "pk": 25, "fields": {"name": "Can add association", "content_type": 9, "codename": "add_association"}},
 {"model": "auth.permission", "pk": 26, "fields": {"name": "Can change association", "content_type": 9, "codename": "change_association"}},
 {"model": "auth.permission", "pk": 27, "fields": {"name": "Can delete association", "content_type": 9, "codename": "delete_association"}},
 {"model": "auth.permission", "pk": 28, "fields": {"name": "Can add code", "content_type": 10, "codename": "add_code"}},
 {"model": "auth.permission", "pk": 29, "fields": {"name": "Can change code", "content_type": 10, "codename": "change_code"}},
 {"model": "auth.permission", "pk": 30, "fields": {"name": "Can delete code", "content_type": 10, "codename": "delete_code"}},
 {"model": "auth.permission", "pk": 31, "fields": {"name": "Can add state", "content_type": 11, "codename": "add_state"}},
 {"model": "auth.permission", "pk": 32, "fields": {"name": "Can change state", "content_type": 11, "codename": "change_state"}},
 {"model": "auth.permission", "pk": 33, "fields": {"name": "Can delete state", "content_type": 11, "codename": "delete_state"}},
 {"model": "auth.permission", "pk": 34, "fields": {"name": "Can add pair proposal", "content_type": 12, "codename": "add_pairproposal"}},
 {"model": "auth.permission", "pk": 35, "fields": {"name": "Can change pair proposal", "content_type": 12, "codename": "change_pairproposal"}},
 {"model": "auth.permission", "pk": 36, "fields": {"name": "Can delete pair proposal", "content_type": 12, "codename": "delete_pairproposal"}},
 {"model": "auth.permission", "pk": 37, "fields": {"name": "Can add profile", "content_type": 13, "codename": "add_profile"}},
 {"model": "auth.permission", "pk": 38, "fields": {"name": "Can change profile", "content_type": 13, "codename": "change_profile"}},
 {"model": "auth.permission", "pk": 39, "fields": {"name": "Can delete profile", "content_type": 13, "codename": "delete_profile"}},
 {"model": "auth.user", "pk": 1, "fields": {"password": "pbkdf2_sha256$24000$bwy1MxTeVSP2$/6HbUo0GoDUa2toaA3E6UVxHTd7sVuRElZ4DDgK6acA=", "last_login": null, "is_superuser": true, "username": "admin", "first_name": "", "last_name": "", "email": "admin@voteswap.us", "is_staff": true, "is_active": true, "date_joined": "2016-09-30T03:47:04.380Z", "groups": [], "user_permissions": []}},
 {"model": "auth.user", "pk": 2, "fields": {"password": "", "last_login": null, "is_superuser": false, "username": "francis.gray.0", "first_name": "Francis", "last_name": "Gray", "email": "francis.gray.0@gmail.com", "is_staff": false, "is_active": true, "date_joined": "2016-09-30T03:47:06.843Z", "groups": [], "user_permissions": []}},
 {"model": "auth.user", "pk": 3, "fields": {"password": "", "last_login": null, "is_superuser": false, "username": "william.freeman.1", "first_name": "William", "last_name": "Freeman", "email": "william.freeman.1@gmail.com", "is_staff": false, "is_active": true, "date_joined": "2016-09-30T03:47:06.904Z", "groups": [], "user_permissions": []}},
 {"model": "auth.user", "pk": 4, "fields": {"password": "", "last_login": null, "is_superuser": false, "username": "robert.rodriguez.2", "first_name": "Robert", "last_name": "Rodriguez", "email": "robert.rodriguez.2@gmail.com", "is_staff": false, "is_active": true, "date_joined": "2016-09-30T03:47:06.972Z", "groups": [], "user_permissions": []}},
 {"model": "auth.user", "pk": 5, "fields": {"password": "", "last_login": null, "is_superuser": false, "username": "julie.rogers.3", "first_name": "Julie", "last_name": "Rogers", "email": "julie.rogers.3@gmail.com", "is_staff": false, "is_active": true, "date_joined": "2016-09-30T03:47:07.020Z", "groups": [], "user_permissions": []}},
 {"model": "auth.user", "pk": 6, "fields": {"password": "", "last_login": null, "is_superuser": false, "username": "david.jones.4", "first_name": "David", "last_name": "Jones", "email": "david.jones.4@gmail.com", "is_staff": false, "is_active": true, "date_joined": "2016-09-30T03:47:07.083Z", "groups": [], "user_permissions": []}},
 {"model": "auth.user", "pk": 7, "fields": {"password": "", "last_login": null, "is_superuser": false, "username": "keith.valdez.5", "first_name": "Keith", "last_name": "Valdez", "email": "keith.valdez.5@gmail.com", "is_staff": false, "is_active": true, "date_joined": "2016-09-30T03:47:07.152Z", "groups": [], "user_permissions": []}},
 {"model": "auth.user", "pk": 8, "fields": {"password": "", "last_login": null, "is_superuser": false, "username": "thomas.mitchell.6", "first_name": "Thomas", "last_name": "Mitchell", "email": "thomas.mitchell.6@gmail.com", "is_staff": false, "is_active": true, "date_joined": "2016-09-30T03:47:07.198Z", "groups": [], "user_permissions": []}},
 {"model": "auth.user", "pk": 9, "fields": {"password": "", "last_login": null, "is_superuser": false, "username": "laura.meyer.7", "first_name": "Laura", "last_name": "Meyer", "email": "laura.meyer.7@gmail.com", "is_staff": false, "is_active": true, "date_joined": "2016-09-30T03:47:07.246Z", "groups": [], "user_permissions": []}},
 {"model": "auth.user", "pk": 10, "fields": {"password": "", "last_login": null, "is_superuser": false, "username": "jesse.anderson.8", "first_name": "Jesse", "last_name": "Anderson", "email": "jesse.anderson.8@gmail.com", "is_staff": false, "is_active": true, "date_joined": "2016-09-30T03:47:07.297Z", "groups": [], "user_permissions": []}},
 {"model": "auth.user", "pk": 11, "fields": {"password": "", "last_login": null, "is_superuser": false, "username": "susan.dunn.9", "first_name": "Susan", "last_name": "Dunn", "email": "susan.dunn.9@gmail.com", "is_staff": false, "is_active": true, "date_joined": "2016-09-30T03:47:07.353Z", "groups": [], "user_permissions": []}},
 {"model": "auth.user", "pk": 12, "fields": {"password": "", "last_login": null, "is_superuser": false, "username": "miranda.ortiz.10", "first_name": "Miranda", "last_name": "Ortiz", "email": "miranda.ortiz.10@gmail.com", "is_staff": false, "is_active": true, "date_joined": "2016-09-30T03:47:07.409Z", "groups": [], "user_permissions": []}},
 {"model": "auth.user", "pk": 13, "fields": {"password": "", "last_login": null, "is_superuser": false, "username": "jason.fisher.11", "first_name": "Jason", "last_name": "Fisher", "email": "jason.fisher.11@gmail.com", "is_staff": false, "is_active": true, "date_joined": "2016-09-30T03:47:07.460Z", "groups": [], "user_permissions": []}},
 {"model": "auth.user", "pk": 14, "fields": {"password": "", "last_login": null, "is_superuser": false, "username": "trevor.savage.12", "first_name": "Trevor", "last_name": "Savage", "email": "trevor.savage.12@gmail.com", "is_staff": false, "is_active": true, "date_joined": "2016-09-30T03:47:07.507Z", "groups": [], "user_permissions": []}},
 {"model": "auth.user", "pk": 15, "fields": {"password": "", "last_login": null, "is_superuser": false, "username": "eric.hall.13", "first_name": "Eric", "last_name": "Hall", "email": "eric.hall.13@gmail.com", "is_staff": false, "is_active": true, "date_joined": "2016-09-30T03:47:07.553Z", "groups": [], "user_permissions": []}},
 {"model": "auth.user", "pk": 16, "fields": {"password": "", "last_login": null, "is_superuser": false, "username": "francisco.crawford.14", "first_name": "Francisco", "last_name": "Crawford", "email": "francisco.crawford.14@gmail.com", "is_staff": false, "is_active": true, "date_joined": "2016-09-30T03:47:07.598Z", "groups": [], "user_permissions": []}},
 {"model": "auth.user", "pk": 17, "fields": {"password": "", "last_login": null, "is_superuser": false, "username": "joseph.tucker.15", "first_name": "Joseph", "last_name": "Tucker", "email": "joseph.tucker.15@gmail.com", "is_staff": false, "is_active": true, "date_joined": "2016-09-30T03:47:07.644Z", "groups": [], "user_permissions": []}},
 {"model": "auth.user", "pk": 18, "fields": {"password": "", "last_login": null, "is_superuser": false, "username": "andrew.wright.16", "first_name": "Andrew", "last_name": "Wright", "email": "andrew.wright.16@gmail.com", "is_staff": false, "is_active": true, "date_joined": "2016-09-30T03:47:07.691Z", "groups": [], "user_permissions": []}},
 {"model": "auth.user", "pk": 19, "fields": {"password": "", "last_login": null, "is_superuser": false, "username": "erik.williams.17", "first_name": "Erik", "last_name": "Williams", "email": "erik.williams.17@gmail.com", "is_staff": false, "is_active": true, "date_joined": "2016-09-30T03:47:07.738Z", "groups": [], "user_permissions": []}},
 {"model": "auth.user", "pk": 20, "fields": {"password": "", "last_login": null, "is_superuser": false, "username": "jared.porter.18", "first_name": "Jared", "last_name": "Porter", "email": "jared.porter.18@gmail.com", "is_staff": false, "is_active": true, "date_joined": "2016-09-30T03:47:07.789Z", "groups": [], "user_permissions": []}},
 {"model": "auth.user", "pk": 21, "fields": {"password": "", "last_login": null, "is_superuser": false, "username": "dawn.parsons.19", "first_name": "Dawn", "last_name": "Parsons", "email": "dawn.parsons.19@gmail.com", "is_staff": false, "is_active": true, "date_joined": "2016-09-30T03:47:07.837Z", "groups": [], "user_permissions": []}},
 {"model": "auth.user", "pk": 22, "fields": {"password": "", "last_login": null, "is_superuser": false, "username": "christopher.dickerson.20", "first_name": "Christopher", "last_name": "Dickerson", "email": "christopher.dickerson.20@gmail.com", "is_staff": false, "is_active": true, "date_joined": "2016-09-30T03:47:07.883Z", "groups": [], "user_permissions": []}},
 {"model": "auth.user", "pk": 23, "fields": {"password": "", "last_login": null, "is_superuser": false, "username": "sylvia.white.21", "first_name": "Sylvia", "last_name": "White", "email": "sylvia.white.21@gmail.com", "is_staff": false, "is_active": true, "date_joined": "2016-09-30T03:47:07.931Z", "groups": [], "user_permissions": []}},
 {"model": "auth.user", "pk": 24, "fields": {"password": "", "last_login": null, "is_superuser": false, "username": "thomas.savage.22", "first_name": "Thomas", "last_name": "Savage", "email": "thomas.savage.22@gmail.com", "is_staff": false, "is_active": true, "date_joined": "2016-09-30T03:47:07.977Z", "groups": [], "user_permissions": []}},
 {"model": "auth.user", "pk": 25, "fields": {"password": "", "last_login": null, "is_superuser": false, "username": "kimberly.brown.23", "first_name": "Kimberly", "last_name": "Brown", "email": "kimberly.brown.23@gmail.com", "is_staff": false, "is_active": true, "date_joined": "2016-09-30T03:47:08.027Z", "groups": [], "user_permissions": []}},
 {"model": "auth.user", "pk": 26, "fields": {"password": "", "last_login": null, "is_superuser": false, "username": "robert.owens.24", "first_name": "Robert", "last_name": "Owens", "email": "robert.owens.24@gmail.com", "is_staff": false, "is_active": true, "date_joined": "2016-09-30T03:47:08.075Z", "groups": [], "user_permissions": []}},
 {"model": "auth.user", "pk": 27, "fields": {"password": "", "last_login": null, "is_superuser": false, "username": "kelly.ross.25", "first_name": "Kelly", "last_name": "Ross", "email": "kelly.ross.25@gmail.com", "is_staff": false, "is_active": true, "date_joined": "2016-09-30T03:47:08.129Z", "groups": [], "user_permissions": []}},
 {"model": "auth.user", "pk": 28, "fields": {"password": "", "last_login": null, "is_superuser": false, "username": "jessica.frederick.26", "first_name": "Jessica", "last_name": "Frederick", "email": "jessica.frederick.26@gmail.com", "is_staff": false, "is_active": true, "date_joined": "2016-09-30T03:47:08.176Z", "groups": [], "user_permissions": []}},
 {"model": "auth.user", "pk": 29, "fields": {"password": "", "last_login": null, "is_superuser": false, "username": "william.baker.27", "first_name": "William", "last_name": "Baker", "email": "william.baker.27@gmail.com", "is_staff": false, "is_active": true, "date_joined": "2016-09-30T03:47:08.222Z", "groups": [], "user_permissions": []}},
 {"model": "auth.user", "pk": 30, "fields": {"password": "", "last_login": null, "is_superuser": false, "username": "abigail.carter.28", "first_name": "Abigail", "last_name": "Carter", "email": "abigail.carter.28@gmail.com", "is_staff": false, "is_active": true, "date_joined": "2016-09-30T03:47:08.268Z", "groups": [], "user_permissions": []}},
 {"model": "auth.user", "pk": 31, "fields": {"password": "", "last_login": null, "is_superuser": false, "username": "christopher.garcia.29", "first_name": "Christopher", "last_name": "Garcia", "email": "christopher.garcia.29@gmail.com", "is_staff": false, "is_active": true, "date_joined": "2016-09-30T03:47:08.318Z", "groups": [], "user_permissions": []}},
 {"model": "auth.user", "pk": 32, "fields": {"password": "", "last_login": null, "is_superuser": false, "username": "samuel.hendrix.30", "first_name": "Samuel", "last_name": "Hendrix", "email": "samuel.hendrix.30@gmail.com", "is_staff": false, "is_active": true, "date_joined": "2016-09-30T03:47:08.370Z", "groups": [], "user_permissions": []}},
 {"model": "auth.user", "pk": 33, "fields": {"password": "", "last_login": null, "is_superuser": false, "username": "lori.rodriguez.31", "first_name": "Lori", "last_name": "Rodriguez", "email": "lori.rodriguez.31@gmail.com", "is_staff": false, "is_active": true, "date_joined": "2016-09-30T03:47:08.417Z", "groups": [], "user_permissions": []}},
 {"model": "auth.user", "pk": 34, "fields": {"password": "", "last_login": null, "is_superuser": false, "username": "joshua.taylor.32", "first_name": "Joshua", "last_name": "Taylor", "email": "joshua.taylor.32@gmail.com", "is_staff": false, "is_active": true, "date_joined": "2016-09-30T03:47:08.464Z", "groups": [], "user_permissions": []}},
 {"model": "auth.user", "pk": 35, "fields": {"password": "", "last_login": null, "is_superuser": false, "username": "nathan.mercer.33", "first_name": "Nathan", "last_name": "Mercer", "email": "nathan.mercer.33@gmail.com", "is_staff": false, "is_active": true, "date_joined": "2016-09-30T03:47:08.516Z", "groups": [], "user_permissions": []}},
 {"model": "auth.user", "pk": 36, "fields": {"password": "", "last_login": null, "is_superuser": false, "username": "luis.rogers.34", "first_name": "Luis", "last_name": "Rogers", "email": "luis.rogers.34@gmail.com", "is_staff": false, "is_active": true, "date_joined": "2016-09-30T03:47:08.562Z", "groups": [], "user_permissions": []}},
 {"model": "auth.user", "pk": 37, "fields": {"password": "", "last_login": null, "is_superuser": false, "username": "richard.becker.35", "first_name": "Richard", "last_name": "Becker", "email": "richard.becker.35@gmail.com", "is_staff": false, "is_active": true, "date_joined": "2016-09-30T03:47:08.611Z", "groups": [], "user_permissions": []}},
 {"model": "auth.user", "pk": 38, "fields": {"password": "", "last_login": null, "is_superuser": false, "username": "jacob.sharp.36", "first_name": "Jacob", "last_name": "Sharp", "email": "jacob.sharp.36@gmail.com", "is_staff": false, "is_active": true, "date_joined": "2016-09-30T03:47:08.657Z", "groups": [], "user_permissions": []}},
 {"model": "auth.user", "pk": 39, "fields": {"password": "", "last_login": null, "is_superuser": false, "username": "courtney.fisher.37", "first_name": "Courtney", "last_name": "Fisher", "email": "courtney.fisher.37@gmail.com", "is_staff": false, "is_active": true, "date_joined": "2016-09-30T03:47:08.705Z", "groups": [], "user_permissions": []}},
 {"model": "auth.user", "pk": 40, "fields": {"password": "", "last_login": null, "is_superuser": false, "username": "wesley.collins.38", "first_name": "Wesley", "last_name": "Collins", "email": "wesley.collins.38@gmail.com", "is_staff": false, "is_active": true, "date_joined": "2016-09-30T03:47:08.751Z", "groups": [], "user_permissions": []}},
 {"model": "auth.user", "pk": 41, "fields": {"password": "", "last_login": null, "is_superuser": false, "username": "thomas.harris.39", "first_name": "Thomas", "last_name": "Harris", "email": "thomas.harris.39@gmail.com", "is_staff": false, "is_active": true, "date_joined": "2016-09-30T03:47:08.800Z", "groups": [], "user_permissions": []}},
 {"model": "auth.user", "pk": 42, "fields": {"password": "", "last_login": null, "is_superuser": false, "username": "carmen.serrano.40", "first_name": "Carmen", "last_name": "Serrano", "email": "carmen.serrano.40@gmail.com", "is_staff": false, "is_active": true, "date_joined": "2016-09-30T03:47:08.846Z", "groups": [], "user_permissions": []}},
 {"model": "auth.user", "pk": 43, "fields": {"password": "", "last_login": null, "is_superuser": false, "username": "eric.delgado.41", "first_name": "Eric", "last_name": "Delgado", "email": "eric.delgado.41@gmail.com", "is_staff": false, "is_active": true, "date_joined": "2016-09-30T03:47:08.893Z", "groups": [], "user_permissions": []}},
 {"model": "auth.user", "pk": 44, "fields": {"password": "", "last_login": null, "is_superuser": false, "username": "jacqueline.bradley.42", "first_name": "Jacqueline", "last_name": "Bradley", "email": "jacqueline.bradley.42@gmail.com", "is_staff": false, "is_active": true, "date_joined": "2016-09-30T03:47:08.939Z", "groups": [], "user_permissions": []}},
 {"model": "auth.user", "pk": 45, "fields": {"password": "", "last_login": null, "is_superuser": false, "username": "jennifer.williams.43", "first_name": "Jennifer", "last_name": "Williams", "email": "jennifer.williams.43@gmail.com", "is_staff": false, "is_active": true, "date_joined": "2016-09-30T03:47:08.986Z", "groups": [], "user_permissions": []}},
 {"model": "auth.user", "pk": 46, "fields": {"password": "", "last_login": null, "is_superuser": false, "username": "charles.taylor.44", "first_name": "Charles", "last_name": "Taylor", "email": "charles.taylor.44@gmail.com", "is_staff": false, "is_active": true, "date_joined": "2016-09-30T03:47:09.032Z", "groups": [], "user_permissions": []}},
 {"model": "auth.user", "pk": 47, "fields": {"password": "", "last_login": null, "is_superuser": false, "username": "frederick.richardson.45", "first_name": "Frederick", "last_name": "Richardson", "email": "frederick.richardson.45@gmail.com", "is_staff": false, "is_active": true, "date_joined": "2016-09-30T03:47:09.078Z", "groups": [], "user_permissions": []}},
 {"model": "auth.user", "pk": 48, "fields": {"password": "", "last_login": null, "is_superuser": false, "username": "heather.baker.46", "first_name": "Heather", "last_name": "Baker", "email": "heather.baker.46@gmail.com", "is_staff": false, "is_active": true, "date_joined": "2016-09-30T03:47:09.129Z", "groups": [], "user_permissions": []}},
 {"model": "auth.user", "pk": 49, "fields": {"password": "", "last_login": null, "is_superuser": false, "username": "tracy.cooper.47", "first_name": "Tracy", "last_name": "Cooper", "email": "tracy.cooper.47@gmail.com", "is_staff": false, "is_active": true, "date_joined": "2016-09-30T03:47:09.178Z", "groups": [], "user_permissions": []}},
 {"model": "auth.user", "pk": 50, "fields": {"password": "", "last_login": null, "is_superuser": false, "username": "kathryn.nichols.48", "first_name": "Kathryn", "last_name": "Nichols", "email": "kathryn.nichols.48@gmail.com", "is_staff": false, "is_active": true, "date_joined": "2016-09-30T03:47:09.227Z", "groups": [], "user_permissions": []}},
 {"model": "auth.user", "pk": 51, "fields": {"password": "", "last_login": null, "is_superuser": false, "username": "julian.harvey.49", "first_name": "Julian", "last_name": "Harvey", "email": "julian.harvey.49@gmail.com", "is_staff": false, "is_active": true, "date_joined": "2016-09-30T03:47:09.273Z", "groups": [], "user_permissions": []}},
 {"model": "auth.user", "pk": 52, "fields": {"password": "", "last_login": null, "is_superuser": false, "username": "priscilla.williams.50", "first_name": "Priscilla", "last_name": "Williams", "email": "priscilla.williams.50@gmail.com", "is_staff": false, "is_active": true, "date_joined": "2016-09-30T03:47:09.325Z", "groups": [], "user_permissions": []}},
 {"model": "auth.user", "pk": 53, "fields": {"password": "", "last_login": null, "is_superuser": false, "username": "colleen.peterson.51", "first_name": "Colleen", "last_name": "Peterson", "email": "colleen.peterson.51@gmail.com", "is_staff": false, "is_active": true, "date_joined": "2016-09-30T03:47:09.372Z", "groups": [], "user_permissions": []}},
 {"model": "auth.user", "pk": 54, "fields": {"password": "", "last_login": null, "is_superuser": false, "username": "brandi.lowe.52", "first_name": "Brandi", "last_name": "Lowe", "email": "brandi.lowe.52@gmail.com", "is_staff": false, "is_active": true, "date_joined": "2016-09-30T03:47:09.426Z", "groups": [], "user_permissions": []}},
 {"model": "auth.user", "pk": 55, "fields": {"password": "", "last_login": null, "is_superuser": false, "username": "connor.meyer.53", "first_name": "Connor", "last_name": "Meyer", "email": "connor.meyer.53@gmail.com", "is_staff": false, "is_active": true, "date_joined": "2016-09-30T03:47:09.481Z", "groups": [], "user_permissions": []}},
 {"model": "auth.user", "pk": 56, "fields": {"password": "", "last_login": null, "is_superuser": false, "username": "ryan.dennis.54", "first_name": "Ryan", "last_name": "Dennis", "email": "ryan.dennis.54@gmail.com", "is_staff": false, "is_active": true, "date_joined": "2016-09-30T03:47:09.534Z", "groups": [], "user_permissions": []}},
 {"model": "auth.user", "pk": 57, "fields": {"password": "", "last_login": null, "is_superuser": false, "username": "adam.rose.55", "first_name": "Adam", "last_name": "Rose", "email": "adam.rose.55@gmail.com", "is_staff": false, "is_active": true, "date_joined": "2016-09-30T03:47:09.583Z", "groups": [], "user_permissions": []}},
 {"model": "auth.user", "pk": 58, "fields": {"password": "", "last_login": null, "is_superuser": false, "username": "abigail.gonzalez.56", "first_name": "Abigail", "last_name": "Gonzalez", "email": "abigail.gonzalez.56@gmail.com", "is_staff": false, "is_active": true, "date_joined": "2016-09-30T03:47:09.631Z", "groups": [], "user_permissions": []}},
 {"model": "auth.user", "pk": 59, "fields": {"password": "", "last_login": null, "is_superuser": false, "username": "caitlin.jones.57", "first_name": "Caitlin", "last_name": "Jones", "email": "caitlin.jones.57@gmail.com", "is_staff": false, "is_active": true, "date_joined": "2016-09-30T03:47:09.684Z", "groups": [], "user_permissions": []}},
 {"model": "auth.user", "pk": 60, "fields": {"password": "", "last_login": null, "is_superuser": false, "username": "paul.bailey.58", "first_name": "Paul", "last_name": "Bailey", "email": "paul.bailey.58@gmail.com", "is_staff": false, "is_active": true, "date_joined": "2016-09-30T03:47:09.741Z", "groups": [], "user_permissions": []}},
 {"model": "auth.user", "pk": 61, "fields": {"password": "", "last_login": null, "is_superuser": false, "username": "charlene.armstrong.59", "first_name": "Charlene", "last_name": "Armstrong", "email": "charlene.armstrong.59@gmail.com", "is_staff": false, "is_active": true, "date_joined": "2016-09-30T03:47:09.793Z", "groups": [], "user_permissions": []}},
 {"model": "auth.user", "pk": 62, "fields": {"password": "", "last_login": null, "is_superuser": false, "username": "jennifer.martin.60", "first_name": "Jennifer", "last_name": "Martin", "email": "jennifer.martin.60@gmail.com", "is_staff": false, "is_active": true, "date_joined": "2016-09-30T03:47:09.842Z", "groups": [], "user_permissions": []}},
 {"model": "auth.user", "pk": 63, "fields": {"password": "", "last_login": null, "is_superuser": false, "username": "amy.hammond.61", "first_name": "Amy", "last_name": "Hammond", "email": "amy.hammond.61@gmail.com", "is_staff": false, "is_active": true, "date_joined": "2016-09-30T03:47:09.889Z", "groups": [], "user_permissions": []}},
 {"model": "auth.user", "pk": 64, "fields": {"password": "", "last_login": null, "is_superuser": false, "username": "paige.holland.62", "first_name": "Paige", "last_name": "Holland", "email": "paige.holland.62@gmail.com", "is_staff": false, "is_active": true, "date_joined": "2016-09-30T03:47:09.937Z", "groups": [], "user_permissions": []}},
 {"model": "auth.user", "pk": 65, "fields": {"password": "", "last_login": null, "is_superuser": false, "username": "robert.horton.63", "first_name": "Robert", "last_name": "Horton", "email": "robert.horton.63@gmail.com", "is_staff": false, "is_active": true, "date_joined": "2016-09-30T03:47:09.987Z", "groups": [], "user_permissions": []}},
 {"model": "auth.user", "pk": 66, "fields": {"password": "", "last_login": null, "is_superuser": false, "username": "angela.skinner.64", "first_name": "Angela", "last_name": "Skinner", "email": "angela.skinner.64@gmail.com", "is_staff": false, "is_active": true, "date_joined": "2016-09-30T03:47:10.035Z", "groups": [], "user_permissions": []}},
 {"model": "auth.user", "pk": 67, "fields": {"password": "", "last_login": null, "is_superuser": false, "username": "tamara.mathis.65", "first_name": "Tamara", "last_name": "Mathis", "email": "tamara.mathis.65@gmail.com", "is_staff": false, "is_active": true, "date_joined": "2016-09-30T03:47:10.084Z", "groups": [], "user_permissions": []}},
 {"model": "auth.user", "pk": 68, "fields": {"password": "", "last_login": null, "is_superuser": false, "username": "david.hoffman.66", "first_name": "David", "last_name": "Hoffman", "email": "david.hoffman.66@gmail.com", "is_staff": false, "is_active": true, "date_joined": "2016-09-30T03:47:10.132Z", "groups": [], "user_permissions": []}},
 {"model": "auth.user", "pk": 69, "fields": {"password": "", "last_login": null, "is_superuser": false, "username": "bob.hernandez.67", "first_name": "Bob", "last_name": "Hernandez", "email": "bob.hernandez.67@gmail.com", "is_staff": false, "is_active": true, "date_joined": "2016-09-30T03:47:10.179Z", "groups": [], "user_permissions": []}},
 {"model": "auth.user", "pk": 70, "fields": {"password": "", "last_login": null, "is_superuser": false, "username": "steven.valencia.68", "first_name": "Steven", "last_name": "Valencia", "email": "steven.valencia.68@gmail.com", "is_staff": false, "is_active": true, "date_joined": "2016-09-30T03:47:10.226Z", "groups": [], "user_permissions": []}},
 {"model": "auth.user", "pk": 71, "fields": {"password": "", "last_login": null, "is_superuser": false, "username": "erica.morris.69", "first_name": "Erica", "last_name": "Morris", "email": "erica.morris.69@gmail.com", "is_staff": false, "is_active": true, "date_joined": "2016-09-30T03:47:10.273Z", "groups": [], "user_permissions": []}},
 {"model": "auth.user", "pk": 72, "fields": {"password": "", "last_login": null, "is_superuser": false, "username": "ann.young.70", "first_name": "Ann", "last_name": "Young", "email": "ann.young.70@gmail.com", "is_staff": false, "is_active": true, "date_joined": "2016-09-30T03:47:10.320Z", "groups": [], "user_permissions": []}},
 {"model": "auth.user", "pk": 73, "fields": {"password": "", "last_login": null, "is_superuser": false, "username": "aaron.mercado.71", "first_name": "Aaron", "last_name": "Mercado", "email": "aaron.mercado.71@gmail.com", "is_staff": false, "is_active": true, "date_joined": "2016-09-30T03:47:10.372Z", "groups": [], "user_permissions": []}},
 {"model": "auth.user", "pk": 74, "fields": {"password": "", "last_login": null, "is_superuser": false, "username": "brandon.tapia.72", "first_name": "Brandon", "last_name": "Tapia", "email": "brandon.tapia.72@gmail.com", "is_staff": false, "is_active": true, "date_joined": "2016-09-30T03:47:10.421Z", "groups": [], "user_permissions": []}},
 {"model": "auth.user", "pk": 75, "fields": {"password": "", "last_login": null, "is_superuser": false, "username": "nicolas.cook.73", "first_name": "Nicolas", "last_name": "Cook", "email": "nicolas.cook.73@gmail.com", "is_staff": false, "is_active": true, "date_joined": "2016-09-30T03:47:10.468Z", "groups": [], "user_permissions": []}},
 {"model": "auth.user", "pk": 76, "fields": {"password": "", "last_login": null, "is_superuser": false, "username": "christy.wells.74", "first_name": "Christy", "last_name": "Wells", "email": "christy.wells.74@gmail.com", "is_staff": false, "is_active": true, "date_joined": "2016-09-30T03:47:10.516Z", "groups": [], "user_permissions": []}},
 {"model": "auth.user", "pk": 77, "fields": {"password": "", "last_login": null, "is_superuser": false, "username": "amber.oliver.75", "first_name": "Amber", "last_name": "Oliver", "email": "amber.oliver.75@gmail.com", "is_staff": false, "is_active": true, "date_joined": "2016-09-30T03:47:10.563Z", "groups": [], "user_permissions": []}},
 {"model": "auth.user", "pk": 78, "fields": {"password": "", "last_login": null, "is_superuser": false, "username": "albert.hart.76", "first_name": "Albert", "last_name": "Hart", "email": "albert.hart.76@gmail.com", "is_staff": false, "is_active": true, "date_joined": "2016-09-30T03:47:10.614Z", "groups": [], "user_permissions": []}},
 {"model": "auth.user", "pk": 79, "fields": {"password": "", "last_login": null, "is_superuser": false, "username": "nicole.jones.77", "first_name": "Nicole", "last_name": "Jones", "email": "nicole.jones.77@gmail.com", "is_staff": false, "is_active": true, "date_joined": "2016-09-30T03:47:10.665Z", "groups": [], "user_permissions": []}},
 {"model": "auth.user", "pk": 80, "fields": {"password": "", "last_login": null, "is_superuser": false, "username": "david.warren.78", "first_name": "David", "last_name": "Warren", "email": "david.warren.78@gmail.com", "is_staff": false, "is_active": true, "date_joined": "2016-09-30T03:47:10.712Z", "groups": [], "user_permissions": []}},
 {"model": "auth.user", "pk": 81, "fields": {"password": "", "last_login": null, "is_superuser": false, "username": "sandra.williamson.79", "first_name": "Sandra", "last_name": "Williamson", "email": "sandra.williamson.79@gmail.com", "is_staff": false, "is_active": true, "date_joined": "2016-09-30T03:47:10.759Z", "groups": [], "user_permissions": []}},
 {"model": "auth.user", "pk": 82, "fields": {"password": "", "last_login": null, "is_superuser": false, "username": "rachel.brown.80", "first_name": "Rachel", "last_name": "Brown", "email": "rachel.brown.80@gmail.com", "is_staff": false, "is_active": true, "date_joined": "2016-09-30T03:47:10.805Z", "groups": [], "user_permissions": []}},
 {"model": "auth.user", "pk": 83, "fields": {"password": "", "last_login": null, "is_superuser": false, "username": "felicia.stevens.81", "first_name": "Felicia", "last_name": "Stevens", "email": "felicia.stevens.81@gmail.com", "is_staff": false, "is_active": true, "date_joined": "2016-09-30T03:47:10.854Z", "groups": [], "user_permissions": []}},
 {"model": "auth.user", "pk": 84, "fields": {"password": "", "last_login": null, "is_superuser": false, "username": "elizabeth.hernandez.82", "first_name": "Elizabeth", "last_name": "Hernandez", "email": "elizabeth.hernandez.82@gmail.com", "is_staff": false, "is_active": true, "date_joined": "2016-09-30T03:47:10.909Z", "groups": [], "user_permissions": []}},
 {"model": "auth.user", "pk": 85, "fields": {"password": "", "last_login": null, "is_superuser": false, "username": "emily.tran.83", "first_name": "Emily", "last_name": "Tran", "email": "emily.tran.83@gmail.com", "is_staff": false, "is_active": true, "date_joined": "2016-09-30T03:47:10.956Z", "groups": [], "user_permissions": []}},
 {"model": "auth.user", "pk": 86, "fields": {"password": "", "last_login": null, "is_superuser": false, "username": "kristin.cross.84", "first_name": "Kristin", "last_name": "Cross", "email": "kristin.cross.84@gmail.com", "is_staff": false, "is_active": true, "date_joined": "2016-09-30T03:47:11.010Z", "groups": [], "user_permissions": []}},
 {"model": "auth.user", "pk": 87, "fields": {"password": "", "last_login": null, "is_superuser": false, "username": "michelle.jones.85", "first_name": "Michelle", "last_name": "Jones", "email": "michelle.jones.85@gmail.com", "is_staff": false, "is_active": true, "date_joined": "2016-09-30T03:47:11.056Z", "groups": [], "user_permissions": []}},
 {"model": "auth.user", "pk": 88, "fields": {"password": "", "last_login": null, "is_superuser": false, "username": "nicole.wheeler.86", "first_name": "Nicole", "last_name": "Wheeler", "email": "nicole.wheeler.86@gmail.com", "is_staff": false, "is_active": true, "date_joined": "2016-09-30T03:47:11.109Z", "groups": [], "user_permissions": []}},
 {"model": "auth.user", "pk": 89, "fields": {"password": "", "last_login": null, "is_superuser": false, "username": "kaitlyn.smith.87", "first_name": "Kaitlyn", "last_name": "Smith", "email": "kaitlyn.smith.87@gmail.com", "is_staff": false, "is_active": true, "date_joined": "2016-09-30T03:47:11.158Z", "groups": [], "user_permissions": []}},
 {"model": "auth.user", "pk": 90, "fields": {"password": "", "last_login": null, "is_superuser": false, "username": "susan.dawson.88", "first_name": "Susan", "last_name": "Dawson", "email": "susan.dawson.88@gmail.com", "is_staff": false, "is_active": true, "date_joined": "2016-09-30T03:47:11.206Z", "groups": [], "user_permissions": []}},
 {"model": "auth.user", "pk": 91, "fields": {"password": "", "last_login": null, "is_superuser": false, "username": "denise.moreno.89", "first_name": "Denise", "last_name": "Moreno", "email": "denise.moreno.89@gmail.com", "is_staff": false, "is_active": true, "date_joined": "2016-09-30T03:47:11.253Z", "groups": [], "user_permissions": []}},
 {"model": "auth.user", "pk": 92, "fields": {"password": "", "last_login": null, "is_superuser": false, "username": "nicholas.payne.90", "first_name": "Nicholas", "last_name": "Payne", "email": "nicholas.payne.90@gmail.com", "is_staff": false, "is_active": true, "date_joined": "2016-09-30T03:47:11.305Z", "groups": [], "user_permissions": []}},
 {"model": "auth.user", "pk": 93, "fields": {"password": "", "last_login": null, "is_superuser": false, "username": "brett.elliott.91", "first_name": "Brett", "last_name": "Elliott", "email": "brett.elliott.91@gmail.com", "is_staff": false, "is_active": true, "date_joined": "2016-09-30T03:47:11.354Z", "groups": [], "user_permissions": []}},
 {"model": "auth.user", "pk": 94, "fields": {"password": "", "last_login": null, "is_superuser": false, "username": "james.taylor.92", "first_name": "James", "last_name": "Taylor", "email": "james.taylor.92@gmail.com", "is_staff": false, "is_active": true, "date_joined": "2016-09-30T03:47:11.406Z", "groups": [], "user_permissions": []}},
 {"model": "auth.user", "pk": 95, "fields": {"password": "", "last_login": null, "is_superuser": false, "username": "teresa.washington.93", "first_name": "Teresa", "last_name": "Washington", "email": "teresa.washington.93@gmail.com", "is_staff": false, "is_active": true, "date_joined": "2016-09-30T03:47:11.456Z", "groups": [], "user_permissions": []}},
 {"model": "auth.user", "pk": 96, "fields": {"password": "", "last_login": null, "is_superuser": false, "username": "richard.howell.94", "first_name": "Richard", "last_name": "Howell", "email": "richard.howell.94@gmail.com", "is_staff": false, "is_active": true, "date_joined": "2016-09-30T03:47:11.505Z", "groups": [], "user_permissions": []}},
 {"model": "auth.user", "pk": 97, "fields": {"password": "", "last_login": null, "is_superuser": false, "username": "amber.lewis.95", "first_name": "Amber", "last_name": "Lewis", "email": "amber.lewis.95@gmail.com", "is_staff": false, "is_active": true, "date_joined": "2016-09-30T03:47:11.552Z", "groups": [], "user_permissions": []}},
 {"model": "auth.user", "pk": 98, "fields": {"password": "", "last_login": null, "is_superuser": false, "username": "kelly.elliott.96", "first_name": "Kelly", "last_name": "Elliott", "email": "kelly.elliott.96@gmail.com", "is_staff": false, "is_active": true, "date_joined": "2016-09-30T03:47:11.612Z", "groups": [], "user_permissions": []}},
 {"model": "auth.user", "pk": 99, "fields": {"password": "", "last_login": null, "is_superuser": false, "username": "andrea.hanson.97", "first_name": "Andrea", "last_name": "Hanson", "email": "andrea.hanson.97@gmail.com", "is_staff": false, "is_active": true, "date_joined": "2016-09-30T03:47:11.660Z", "groups": [], "user_permissions": []}},
 {"model": "auth.user", "pk": 100, "fields": {"password": "", "last_login": null, "is_superuser": false, "username": "jessica.leon.98", "first_name": "Jessica", "last_name": "Leon", "email": "jessica.leon.98@gmail.com", "is_staff": false, "is_active": true, "date_joined": "2016-09-30T03:47:11.710Z", "groups": [], "user_permissions": []}},
 {"model": "auth.user", "pk": 101, "fields": {"password": "", "last_login": null, "is_superuser": false, "username": "nicholas.dean.99", "first_name": "Nicholas", "last_name": "Dean", "email": "nicholas.dean.99@gmail.com", "is_staff": false, "is_active": true, "date_joined": "2016-09-30T03:47:11.758Z", "groups": [], "user_permissions": []}},
 {"model": "social_auth.usersocialauth", "pk": 1, "fields": {"user": 2, "provider": "Facebook", "uid": "0", "extra_data": "{\"access_token\": \"1234\"}"}},
 {"model": "social_auth.usersocialauth", "pk": 2, "fields": {"user": 3, "provider": "Facebook", "uid": "1", "extra_data": "{\"access_token\": \"1234\"}"}},
 {"model": "social_auth.usersocialauth", "pk": 3, "fields": {"user": 4, "provider": "Facebook", "uid": "2", "extra_data": "{\"access_token\": \"1234\"}"}},
 {"model": "social_auth.usersocialauth", "pk": 4, "fields": {"user": 5, "provider": "Facebook", "uid": "3", "extra_data": "{\"access_token\": \"1234\"}"}},
 {"model": "social_auth.usersocialauth", "pk": 5, "fields": {"user": 6, "provider": "Facebook", "uid": "4", "extra_data": "{\"access_token\": \"1234\"}"}},
 {"model": "social_auth.usersocialauth", "pk": 6, "fields": {"user": 7, "provider": "Facebook", "uid": "5", "extra_data": "{\"access_token\": \"1234\"}"}},
 {"model": "social_auth.usersocialauth", "pk": 7, "fields": {"user": 8, "provider": "Facebook", "uid": "6", "extra_data": "{\"access_token\": \"1234\"}"}},
 {"model": "social_auth.usersocialauth", "pk": 8, "fields": {"user": 9, "provider": "Facebook", "uid": "7", "extra_data": "{\"access_token\": \"1234\"}"}},
 {"model": "social_auth.usersocialauth", "pk": 9, "fields": {"user": 10, "provider": "Facebook", "uid": "8", "extra_data": "{\"access_token\": \"1234\"}"}},
 {"model": "social_auth.usersocialauth", "pk": 10, "fields": {"user": 11, "provider": "Facebook", "uid": "9", "extra_data": "{\"access_token\": \"1234\"}"}},
 {"model": "social_auth.usersocialauth", "pk": 11, "fields": {"user": 12, "provider": "Facebook", "uid": "10", "extra_data": "{\"access_token\": \"1234\"}"}},
 {"model": "social_auth.usersocialauth", "pk": 12, "fields": {"user": 13, "provider": "Facebook", "uid": "11", "extra_data": "{\"access_token\": \"1234\"}"}},
 {"model": "social_auth.usersocialauth", "pk": 13, "fields": {"user": 14, "provider": "Facebook", "uid": "12", "extra_data": "{\"access_token\": \"1234\"}"}},
 {"model": "social_auth.usersocialauth", "pk": 14, "fields": {"user": 15, "provider": "Facebook", "uid": "13", "extra_data": "{\"access_token\": \"1234\"}"}},
 {"model": "social_auth.usersocialauth", "pk": 15, "fields": {"user": 16, "provider": "Facebook", "uid": "14", "extra_data": "{\"access_token\": \"1234\"}"}},
 {"model": "social_auth.usersocialauth", "pk": 16, "fields": {"user": 17, "provider": "Facebook", "uid": "15", "extra_data": "{\"access_token\": \"1234\"}"}},
 {"model": "social_auth.usersocialauth", "pk": 17, "fields": {"user": 18, "provider": "Facebook", "uid": "16", "extra_data": "{\"access_token\": \"1234\"}"}},
 {"model": "social_auth.usersocialauth", "pk": 18, "fields": {"user": 19, "provider": "Facebook", "uid": "17", "extra_data": "{\"access_token\": \"1234\"}"}},
 {"model": "social_auth.usersocialauth", "pk": 19, "fields": {"user": 20, "provider": "Facebook", "uid": "18", "extra_data": "{\"access_token\": \"1234\"}"}},
 {"model": "social_auth.usersocialauth", "pk": 20, "fields": {"user": 21, "provider": "Facebook", "uid": "19", "extra_data": "{\"access_token\": \"1234\"}"}},
 {"model": "social_auth.usersocialauth", "pk": 21, "fields": {"user": 22, "provider": "Facebook", "uid": "20", "extra_data": "{\"access_token\": \"1234\"}"}},
 {"model": "social_auth.usersocialauth", "pk": 22, "fields": {"user": 23, "provider": "Facebook", "uid": "21", "extra_data": "{\"access_token\": \"1234\"}"}},
 {"model": "social_auth.usersocialauth", "pk": 23, "fields": {"user": 24, "provider": "Facebook", "uid": "22", "extra_data": "{\"access_token\": \"1234\"}"}},
 {"model": "social_auth.usersocialauth", "pk": 24, "fields": {"user": 25, "provider": "Facebook", "uid": "23", "extra_data": "{\"access_token\": \"1234\"}"}},
 {"model": "social_auth.usersocialauth", "pk": 25, "fields": {"user": 26, "provider": "Facebook", "uid": "24", "extra_data": "{\"access_token\": \"1234\"}"}},
 {"model": "social_auth.usersocialauth", "pk": 26, "fields": {"user": 27, "provider": "Facebook", "uid": "25", "extra_data": "{\"access_token\": \"1234\"}"}},
 {"model": "social_auth.usersocialauth", "pk": 27, "fields": {"user": 28, "provider": "Facebook", "uid": "26", "extra_data": "{\"access_token\": \"1234\"}"}},
 {"model": "social_auth.usersocialauth", "pk": 28, "fields": {"user": 29, "provider": "Facebook", "uid": "27", "extra_data": "{\"access_token\": \"1234\"}"}},
 {"model": "social_auth.usersocialauth", "pk": 29, "fields": {"user": 30, "provider": "Facebook", "uid": "28", "extra_data": "{\"access_token\": \"1234\"}"}},
 {"model": "social_auth.usersocialauth", "pk": 30, "fields": {"user": 31, "provider": "Facebook", "uid": "29", "extra_data": "{\"access_token\": \"1234\"}"}},
 {"model": "social_auth.usersocialauth", "pk": 31, "fields": {"user": 32, "provider": "Facebook", "uid": "30", "extra_data": "{\"access_token\": \"1234\"}"}},
 {"model": "social_auth.usersocialauth", "pk": 32, "fields": {"user": 33, "provider": "Facebook", "uid": "31", "extra_data": "{\"access_token\": \"1234\"}"}},
 {"model": "social_auth.usersocialauth", "pk": 33, "fields": {"user": 34, "provider": "Facebook", "uid": "32", "extra_data": "{\"access_token\": \"1234\"}"}},
 {"model": "social_auth.usersocialauth", "pk": 34, "fields": {"user": 35, "provider": "Facebook", "uid": "33", "extra_data": "{\"access_token\": \"1234\"}"}},
 {"model": "social_auth.usersocialauth", "pk": 35, "fields": {"user": 36, "provider": "Facebook", "uid": "34", "extra_data": "{\"access_token\": \"1234\"}"}},
 {"model": "social_auth.usersocialauth", "pk": 36, "fields": {"user": 37, "provider": "Facebook", "uid": "35", "extra_data": "{\"access_token\": \"1234\"}"}},
 {"model": "social_auth.usersocialauth", "pk": 37, "fields": {"user": 38, "provider": "Facebook", "uid": "36", "extra_data": "{\"access_token\": \"1234\"}"}},
 {"model": "social_auth.usersocialauth", "pk": 38, "fields": {"user": 39, "provider": "Facebook", "uid": "37", "extra_data": "{\"access_token\": \"1234\"}"}},
 {"model": "social_auth.usersocialauth", "pk": 39, "fields": {"user": 40, "provider": "Facebook", "uid": "38", "extra_data": "{\"access_token\": \"1234\"}"}},
 {"model": "social_auth.usersocialauth", "pk": 40, "fields": {"user": 41, "provider": "Facebook", "uid": "39", "extra_data": "{\"access_token\": \"1234\"}"}},
 {"model": "social_auth.usersocialauth", "pk": 41, "fields": {"user": 42, "provider": "Facebook", "uid": "40", "extra_data": "{\"access_token\": \"1234\"}"}},
 {"model": "social_auth.usersocialauth", "pk": 42, "fields": {"user": 43, "provider": "Facebook", "uid": "41", "extra_data": "{\"access_token\": \"1234\"}"}},
 {"model": "social_auth.usersocialauth", "pk": 43, "fields": {"user": 44, "provider": "Facebook", "uid": "42", "extra_data": "{\"access_token\": \"1234\"}"}},
 {"model": "social_auth.usersocialauth", "pk": 44, "fields": {"user": 45, "provider": "Facebook", "uid": "43", "extra_data": "{\"access_token\": \"1234\"}"}},
 {"model": "social_auth.usersocialauth", "pk": 45, "fields": {"user": 46, "provider": "Facebook", "uid": "44", "extra_data": "{\"access_token\": \"1234\"}"}},
 {"model": "social_auth.usersocialauth", "pk": 46, "fields": {"user": 47, "provider": "Facebook", "uid": "45", "extra_data": "{\"access_token\": \"1234\"}"}},
 {"model": "social_auth.usersocialauth", "pk": 47, "fields": {"user": 48, "provider": "Facebook", "uid": "46", "extra_data": "{\"access_token\": \"1234\"}"}},
 {"model": "social_auth.usersocialauth", "pk": 48, "fields": {"user": 49, "provider": "Facebook", "uid": "47", "extra_data": "{\"access_token\": \"1234\"}"}},
 {"model": "social_auth.usersocialauth", "pk": 49, "fields": {"user": 50, "provider": "Facebook", "uid": "48", "extra_data": "{\"access_token\": \"1234\"}"}},
 {"model": "social_auth.usersocialauth", "pk": 50, "fields": {"user": 51, "provider": "Facebook", "uid": "49", "extra_data": "{\"access_token\": \"1234\"}"}},
 {"model": "social_auth.usersocialauth", "pk": 51, "fields": {"user": 52, "provider": "Facebook", "uid": "50", "extra_data": "{\"access_token\": \"1234\"}"}},
 {"model": "social_auth.usersocialauth", "pk": 52, "fields": {"user": 53, "provider": "Facebook", "uid": "51", "extra_data": "{\"access_token\": \"1234\"}"}},
 {"model": "social_auth.usersocialauth", "pk": 53, "fields": {"user": 54, "provider": "Facebook", "uid": "52", "extra_data": "{\"access_token\": \"1234\"}"}},
 {"model": "social_auth.usersocialauth", "pk": 54, "fields": {"user": 55, "provider": "Facebook", "uid": "53", "extra_data": "{\"access_token\": \"1234\"}"}},
 {"model": "social_auth.usersocialauth", "pk": 55, "fields": {"user": 56, "provider": "Facebook", "uid": "54", "extra_data": "{\"access_token\": \"1234\"}"}},
 {"model": "social_auth.usersocialauth", "pk": 56, "fields": {"user": 57, "provider": "Facebook", "uid": "55", "extra_data": "{\"access_token\": \"1234\"}"}},
 {"model": "social_auth.usersocialauth", "pk": 57, "fields": {"user": 58, "provider": "Facebook", "uid": "56", "extra_data": "{\"access_token\": \"1234\"}"}},
 {"model": "social_auth.usersocialauth", "pk": 58, "fields": {"user": 59, "provider": "Facebook", "uid": "57", "extra_data": "{\"access_token\": \"1234\"}"}},
 {"model": "social_auth.usersocialauth", "pk": 59, "fields": {"user": 60, "provider": "Facebook", "uid": "58", "extra_data": "{\"access_token\": \"1234\"}"}},
 {"model": "social_auth.usersocialauth", "pk": 60, "fields": {"user": 61, "provider": "Facebook", "uid": "59", "extra_data": "{\"access_token\": \"1234\"}"}},
 {"model": "social_auth.usersocialauth", "pk": 61, "fields": {"user": 62, "provider": "Facebook", "uid": "60", "extra_data": "{\"access_token\": \"1234\"}"}},
 {"model": "social_auth.usersocialauth", "pk": 62, "fields": {"user": 63, "provider": "Facebook", "uid": "61", "extra_data": "{\"access_token\": \"1234\"}"}},
 {"model": "social_auth.usersocialauth", "pk": 63, "fields": {"user": 64, "provider": "Facebook", "uid": "62", "extra_data": "{\"access_token\": \"1234\"}"}},
 {"model": "social_auth.usersocialauth", "pk": 64, "fields": {"user": 65, "provider": "Facebook", "uid": "63", "extra_data": "{\"access_token\": \"1234\"}"}},
 {"model": "social_auth.usersocialauth", "pk": 65, "fields": {"user": 66, "provider": "Facebook", "uid": "64", "extra_data": "{\"access_token\": \"1234\"}"}},
 {"model": "social_auth.usersocialauth", "pk": 66, "fields": {"user": 67, "provider": "Facebook", "uid": "65", "extra_data": "{\"access_token\": \"1234\"}"}},
 {"model": "social_auth.usersocialauth", "pk": 67, "fields": {"user": 68, "provider": "Facebook", "uid": "66", "extra_data": "{\"access_token\": \"1234\"}"}},
 {"model": "social_auth.usersocialauth", "pk": 68, "fields": {"user": 69, "provider": "Facebook", "uid": "67", "extra_data": "{\"access_token\": \"1234\"}"}},
 {"model": "social_auth.usersocialauth", "pk": 69, "fields": {"user": 70, "provider": "Facebook", "uid": "68", "extra_data": "{\"access_token\": \"1234\"}"}},
 {"model": "social_auth.usersocialauth", "pk": 70, "fields": {"user": 71, "provider": "Facebook", "uid": "69", "extra_data": "{\"access_token\": \"1234\"}"}},
 {"model": "social_auth.usersocialauth", "pk": 71, "fields": {"user": 72, "provider": "Facebook", "uid": "70", "extra_data": "{\"access_token\": \"1234\"}"}},
 {"model": "social_auth.usersocialauth", "pk": 72, "fields": {"user": 73, "provider": "Facebook", "uid": "71", "extra_data": "{\"access_token\": \"1234\"}"}},
 {"model": "social_auth.usersocialauth", "pk": 73, "fields": {"user": 74, "provider": "Facebook", "uid": "72", "extra_data": "{\"access_token\": \"1234\"}"}},
 {"model": "social_auth.usersocialauth", "pk": 74, "fields": {"user": 75, "provider": "Facebook", "uid": "73", "extra_data": "{\"access_token\": \"1234\"}"}},
 {"model": "social_auth.usersocialauth", "pk": 75, "fields": {"user": 76, "provider": "Facebook", "uid": "74", "extra_data": "{\"access_token\": \"1234\"}"}},
 {"model": "social_auth.usersocialauth", "pk": 76, "fields": {"user": 77, "provider": "Facebook", "uid": "75", "extra_data": "{\"access_token\": \"1234\"}"}},
 {"model": "social_auth.usersocialauth", "pk": 77, "fields": {"user": 78, "provider": "Facebook", "uid": "76", "extra_data": "{\"access_token\": \"1234\"}"}},
 {"model": "social_auth.usersocialauth", "pk": 78, "fields": {"user": 79, "provider": "Facebook", "uid": "77", "extra_data": "{\"access_token\": \"1234\"}"}},
 {"model": "social_auth.usersocialauth", "pk": 79, "fields": {"user": 80, "provider": "Facebook", "uid": "78", "extra_data": "{\"access_token\": \"1234\"}"}},
 {"model": "social_auth.usersocialauth", "pk": 80, "fields": {"user": 81, "provider": "Facebook", "uid": "79", "extra_data": "{\"access_token\": \"1234\"}"}},
 {"model": "social_auth.usersocialauth", "pk": 81, "fields": {"user": 82, "provider": "Facebook", "uid": "80", "extra_data": "{\"access_token\": \"1234\"}"}},
 {"model": "social_auth.usersocialauth", "pk": 82, "fields": {"user": 83, "provider": "Facebook", "uid": "81", "extra_data": "{\"access_token\": \"1234\"}"}},
 {"model": "social_auth.usersocialauth", "pk": 83, "fields": {"user": 84, "provider": "Facebook", "uid": "82", "extra_data": "{\"access_token\": \"1234\"}"}},
 {"model": "social_auth.usersocialauth", "pk": 84, "fields": {"user": 85, "provider": "Facebook", "uid": "83", "extra_data": "{\"access_token\": \"1234\"}"}},
 {"model": "social_auth.usersocialauth", "pk": 85, "fields": {"user": 86, "provider": "Facebook", "uid": "84", "extra_data": "{\"access_token\": \"1234\"}"}},
 {"model": "social_auth.usersocialauth", "pk": 86, "fields": {"user": 87, "provider": "Facebook", "uid": "85", "extra_data": "{\"access_token\": \"1234\"}"}},
 {"model": "social_auth.usersocialauth", "pk": 87, "fields": {"user": 88, "provider": "Facebook", "uid": "86", "extra_data": "{\"access_token\": \"1234\"}"}},
 {"model": "social_auth.usersocialauth", "pk": 88, "fields": {"user": 89, "provider": "Facebook", "uid": "87", "extra_data": "{\"access_token\": \"1234\"}"}},
 {"model": "social_auth.usersocialauth", "pk": 89, "fields": {"user": 90, "provider": "Facebook", "uid": "88", "extra_data": "{\"access_token\": \"1234\"}"}},
 {"model": "social_auth.usersocialauth", "pk": 90, "fields": {"user": 91, "provider": "Facebook", "uid": "89", "extra_data": "{\"access_token\": \"1234\"}"}},
 {"model": "social_auth.usersocialauth", "pk": 91, "fields": {"user": 92, "provider": "Facebook", "uid": "90", "extra_data": "{\"access_token\": \"1234\"}"}},
 {"model": "social_auth.usersocialauth", "pk": 92, "fields": {"user": 93, "provider": "Facebook", "uid": "91", "extra_data": "{\"access_token\": \"1234\"}"}},
 {"model": "social_auth.usersocialauth", "pk": 93, "fields": {"user": 94, "provider": "Facebook", "uid": "92", "extra_data": "{\"access_token\": \"1234\"}"}},
 {"model": "social_auth.usersocialauth", "pk": 94, "fields": {"user": 95, "provider": "Facebook", "uid": "93", "extra_data": "{\"access_token\": \"1234\"}"}},
 {"model": "social_auth.usersocialauth", "pk": 95, "fields": {"user": 96, "provider": "Facebook", "uid": "94", "extra_data": "{\"access_token\": \"1234\"}"}},
 {"model": "social_auth.usersocialauth", "pk": 96, "fields": {"user": 97, "provider": "Facebook", "uid": "95", "extra_data": "{\"access_token\": \"1234\"}"}},
 {"model": "social_auth.usersocialauth", "pk": 97, "fields": {"user": 98, "provider": "Facebook", "uid": "96", "extra_data": "{\"access_token\": \"1234\"}"}},
 {"model": "social_auth.usersocialauth", "pk": 98, "fields": {"user": 99, "provider": "Facebook", "uid": "97", "extra_data": "{\"access_token\": \"1234\"}"}},
 {"model": "social_auth.usersocialauth", "pk": 99, "fields": {"user": 100, "provider": "Facebook", "uid": "98", "extra_data": "{\"access_token\": \"1234\"}"}},
 {"model": "social_auth.usersocialauth", "pk": 100, "fields": {"user": 101, "provider": "Facebook", "uid": "99", "extra_data": "{\"access_token\": \"1234\"}"}},
 {"model": "users.profile", "pk": 1, "fields": {"user": 2, "fb_name": "Francis Gray", "fb_id": "0", "state": "Alabama", "preferred_candidate": "Clinton", "reason": null, "_paired_with": [], "friends": [2, 3, 4, 5, 6, 7, 8, 9, 10]}},
 {"model": "users.profile", "pk": 2, "fields": {"user": 3, "fb_name": "William Freeman", "fb_id": "1", "state": "Alaska", "preferred_candidate": "Johnson", "reason": null, "_paired_with": [], "friends": [1, 3, 4, 5, 6, 7, 8, 9, 10]}},
 {"model": "users.profile", "pk": 3, "fields": {"user": 4, "fb_name": "Robert Rodriguez", "fb_id": "2", "state": "Arizona", "preferred_candidate": "Clinton", "reason": null, "_paired_with": [], "friends": [1, 2, 4, 5, 6, 7, 8, 9, 10]}},
 {"model": "users.profile", "pk": 4, "fields": {"user": 5, "fb_name": "Julie Rogers", "fb_id": "3", "state": "Arkansas", "preferred_candidate": "Johnson", "reason": null, "_paired_with": [], "friends": [1, 2, 3, 5, 6, 7, 8, 9, 10]}},
 {"model": "users.profile", "pk": 5, "fields": {"user": 6, "fb_name": "David Jones", "fb_id": "4", "state": "California", "preferred_candidate": "Clinton", "reason": null, "_paired_with": [], "friends": [1, 2, 3, 4, 6, 7, 8, 9, 10]}},
 {"model": "users.profile", "pk": 6, "fields": {"user": 7, "fb_name": "Keith Valdez", "fb_id": "5", "state": "Colorado", "preferred_candidate": "Johnson", "reason": null, "_paired_with": [], "friends": [1, 2, 3, 4, 5, 7, 8, 9, 10]}},
 {"model": "users.profile", "pk": 7, "fields": {"user": 8, "fb_name": "Thomas Mitchell", "fb_id": "6", "state": "Connecticut", "preferred_candidate": "Clinton", "reason": null, "_paired_with": [], "friends": [1, 2, 3, 4, 5, 6, 8, 9, 10, 52]}},
 {"model": "users.profile", "pk": 8, "fields": {"user": 9, "fb_name": "Laura Meyer", "fb_id": "7", "state": "Delaware", "preferred_candidate": "Johnson", "reason": null, "_paired_with": [], "friends": [1, 2, 3, 4, 5, 6, 7, 10, 83]}},
 {"model": "users.profile", "pk": 9, "fields": {"user": 10, "fb_name": "Jesse Anderson", "fb_id": "8", "state": "District of Columbia", "preferred_candidate": "Clinton", "reason": null, "_paired_with": [], "friends": [1, 2, 3, 4, 5, 6, 7, 10]}},
 {"model": "users.profile", "pk": 10, "fields": {"user": 11, "fb_name": "Susan Dunn", "fb_id": "9", "state": "Florida", "preferred_candidate": "Johnson", "reason": null, "_paired_with": [], "friends": [1, 2, 3, 4, 5, 6, 7, 8, 9, 56]}},
 {"model": "users.profile", "pk": 11, "fields": {"user": 12, "fb_name": "Miranda Ortiz", "fb_id": "10", "state": "Georgia", "preferred_candidate": "Johnson", "reason": null, "_paired_with": [], "friends": [12, 13, 14, 15, 16, 17, 18, 19, 20]}},
 {"model": "users.profile", "pk": 12, "fields": {"user": 13, "fb_name": "Jason Fisher", "fb_id": "11", "state": "Hawaii", "preferred_candidate": "Johnson", "reason": null, "_paired_with": [], "friends": [11, 13, 14, 15, 16, 17, 18, 19, 20]}},
 {"model": "users.profile", "pk": 13, "fields": {"user": 14, "fb_name": "Trevor Savage", "fb_id": "12", "state": "Idaho", "preferred_candidate": "Clinton", "reason": null, "_paired_with": [], "friends": [11, 12, 14, 15, 16, 17, 18, 19, 20, 28]}},
 {"model": "users.profile", "pk": 14, "fields": {"user": 15, "fb_name": "Eric Hall", "fb_id": "13", "state": "Illinois", "preferred_candidate": "Johnson", "reason": null, "_paired_with": [], "friends": [11, 12, 13, 15, 16, 17, 18, 19, 20]}},
 {"model": "users.profile", "pk": 15, "fields": {"user": 16, "fb_name": "Francisco Crawford", "fb_id": "14", "state": "Indiana", "preferred_candidate": "Clinton", "reason": null, "_paired_with": [], "friends": [11, 12, 13, 14, 16, 17, 18, 19, 20]}},
 {"model": "users.profile", "pk": 16, "fields": {"user": 17, "fb_name": "Joseph Tucker", "fb_id": "15", "state": "Iowa", "preferred_candidate": "Johnson", "reason": null, "_paired_with": [], "friends": [11, 12, 13, 14, 15, 17, 18, 19, 20]}},
 {"model": "users.profile", "pk": 17, "fields": {"user": 18, "fb_name": "Andrew Wright", "fb_id": "16", "state": "Kansas", "preferred_candidate": "Clinton", "reason": null, "_paired_with": [], "friends": [11, 12, 13, 14, 15, 16, 18, 19, 20]}},
 {"model": "users.profile", "pk": 18, "fields": {"user": 19, "fb_name": "Erik Williams", "fb_id": "17", "state": "Kentucky", "preferred_candidate": "Clinton", "reason": null, "_paired_with": [], "friends": [11, 12, 13, 14, 15, 16, 17, 19, 20, 51]}},
 {"model": "users.profile", "pk": 19, "fields": {"user": 20, "fb_name": "Jared Porter", "fb_id": "18", "state": "Louisiana", "preferred_candidate": "Clinton", "reason": null, "_paired_with": [], "friends": [11, 12, 13, 14, 15, 16, 17, 18, 20]}},
 {"model": "users.profile", "pk": 20, "fields": {"user": 21, "fb_name": "Dawn Parsons", "fb_id": "19", "state": "Maine", "preferred_candidate": "Johnson", "reason": null, "_paired_with": [], "friends": [11, 12, 13, 14, 15, 16, 17, 18, 19, 46]}},
 {"model": "users.profile", "pk": 21, "fields": {"user": 22, "fb_name": "Christopher Dickerson", "fb_id": "20", "state": "Maryland", "preferred_candidate": "Johnson", "reason": null, "_paired_with": [], "friends": [22, 23, 24, 25, 26, 27, 28, 29, 30]}},
 {"model": "users.profile", "pk": 22, "fields": {"user": 23, "fb_name": "Sylvia White", "fb_id": "21", "state": "Massachusetts", "preferred_candidate": "Clinton", "reason": null, "_paired_with": [], "friends": [21, 24, 25, 26, 27, 28, 29, 30, 90]}},
 {"model": "users.profile", "pk": 23, "fields": {"user": 24, "fb_name": "Thomas Savage", "fb_id": "22", "state": "Michigan", "preferred_candidate": "Clinton", "reason": null, "_paired_with": [], "friends": [21, 24, 25, 26, 27, 28, 29, 30]}},
 {"model": "users.profile", "pk": 24, "fields": {"user": 25, "fb_name": "Kimberly Brown", "fb_id": "23", "state": "Minnesota", "preferred_candidate": "Clinton", "reason": null, "_paired_with": [], "friends": [21, 22, 23, 25, 26, 27, 28, 29, 30]}},
 {"model": "users.profile", "pk": 25, "fields": {"user": 26, "fb_name": "Robert Owens", "fb_id": "24", "state": "Mississippi", "preferred_candidate": "Clinton", "reason": null, "_paired_with": [], "friends": [21, 22, 23, 24, 26, 27, 28, 29, 30]}},
 {"model": "users.profile", "pk": 26, "fields": {"user": 27, "fb_name": "Kelly Ross", "fb_id": "25", "state": "Missouri", "preferred_candidate": "Johnson", "reason": null, "_paired_with": [], "friends": [21, 22, 23, 24, 25, 27, 29, 30, 44, 48]}},
 {"model": "users.profile", "pk": 27, "fields": {"user": 28, "fb_name": "Jessica Frederick", "fb_id": "26", "state": "Montana", "preferred_candidate": "Clinton", "reason": null, "_paired_with": [], "friends": [21, 22, 23, 24, 25, 26, 28, 29, 30]}},
 {"model": "users.profile", "pk": 28, "fields": {"user": 29, "fb_name": "William Baker", "fb_id": "27", "state": "Nebraska", "preferred_candidate": "Johnson", "reason": null, "_paired_with": [], "friends": [13, 21, 22, 23, 24, 25, 27, 30]}},
 {"model": "users.profile", "pk": 29, "fields": {"user": 30, "fb_name": "Abigail Carter", "fb_id": "28", "state": "Nevada", "preferred_candidate": "Clinton", "reason": null, "_paired_with": [], "friends": [21, 22, 23, 24, 25, 26, 27, 37]}},
 {"model": "users.profile", "pk": 30, "fields": {"user": 31, "fb_name": "Christopher Garcia", "fb_id": "29", "state": "New Hampshire", "preferred_candidate": "Clinton", "reason": null, "_paired_with": [], "friends": [21, 22, 23, 24, 25, 26, 27, 28]}},
 {"model": "users.profile", "pk": 31, "fields": {"user": 32, "fb_name": "Samuel Hendrix", "fb_id": "30", "state": "New Jersey", "preferred_candidate": "Clinton", "reason": null, "_paired_with": [], "friends": [32, 33, 34, 35, 36, 37, 38, 39, 40]}},
 {"model": "users.profile", "pk": 32, "fields": {"user": 33, "fb_name": "Lori Rodriguez", "fb_id": "31", "state": "New Mexico", "preferred_candidate": "Johnson", "reason": null, "_paired_with": [], "friends": [31, 33, 34, 35, 36, 38, 39, 40, 46, 53]}},
 {"model": "users.profile", "pk": 33, "fields": {"user": 34, "fb_name": "Joshua Taylor", "fb_id": "32", "state": "New York", "preferred_candidate": "Clinton", "reason": null, "_paired_with": [], "friends": [31, 32, 34, 35, 36, 38, 39, 40, 67]}},
 {"model": "users.profile", "pk": 34, "fields": {"user": 35, "fb_name": "Nathan Mercer", "fb_id": "33", "state": "North Carolina", "preferred_candidate": "Clinton", "reason": null, "_paired_with": [], "friends": [31, 32, 33, 35, 36, 37, 38, 39, 90]}},
 {"model": "users.profile", "pk": 35, "fields": {"user": 36, "fb_name": "Luis Rogers", "fb_id": "34", "state": "North Dakota", "preferred_candidate": "Clinton", "reason": null, "_paired_with": [], "friends": [31, 32, 33, 34, 36, 37, 38, 39, 40]}},
 {"model": "users.profile", "pk": 36, "fields": {"user": 37, "fb_name": "Richard Becker", "fb_id": "35", "state": "Ohio", "preferred_candidate": "Clinton", "reason": null, "_paired_with": [], "friends": [31, 32, 33, 34, 35, 37, 38, 39, 40]}},
 {"model": "users.profile", "pk": 37, "fields": {"user": 38, "fb_name": "Jacob Sharp", "fb_id": "36", "state": "Oklahoma", "preferred_candidate": "Clinton", "reason": null, "_paired_with": [], "friends": [29, 31, 34, 35, 36, 38, 39, 40]}},
 {"model": "users.profile", "pk": 38, "fields": {"user": 39, "fb_name": "Courtney Fisher", "fb_id": "37", "state": "Oregon", "preferred_candidate": "Johnson", "reason": null, "_paired_with": [], "friends": [31, 32, 33, 34, 35, 36, 37, 39, 40]}},
 {"model": "users.profile", "pk": 39, "fields": {"user": 40, "fb_name": "Wesley Collins", "fb_id": "38", "state": "Pennsylvania", "preferred_candidate": "Johnson", "reason": null, "_paired_with": [], "friends": [31, 32, 33, 34, 35, 36, 37, 38, 40]}},
 {"model": "users.profile", "pk": 40, "fields": {"user": 41, "fb_name": "Thomas Harris", "fb_id": "39", "state": "Rhode Island", "preferred_candidate": "Clinton", "reason": null, "_paired_with": [], "friends": [31, 32, 33, 35, 36, 37, 38, 39]}},
 {"model": "users.profile", "pk": 41, "fields": {"user": 42, "fb_name": "Carmen Serrano", "fb_id": "40", "state": "South Carolina", "preferred_candidate": "Clinton", "reason": null, "_paired_with": [], "friends": [42, 43, 44, 45, 46, 47, 48, 49, 50]}},
 {"model": "users.profile", "pk": 42, "fields": {"user": 43, "fb_name": "Eric Delgado", "fb_id": "41", "state": "South Dakota", "preferred_candidate": "Clinton", "reason": null, "_paired_with": [], "friends": [41, 43, 44, 45, 46, 47, 48, 49, 50]}},
 {"model": "users.profile", "pk": 43, "fields": {"user": 44, "fb_name": "Jacqueline Bradley", "fb_id": "42", "state": "Tennessee", "preferred_candidate": "Johnson", "reason": null, "_paired_with": [], "friends": [41, 42, 44, 45, 46, 47, 48, 49, 50, 95]}},
 {"model": "users.profile", "pk": 44, "fields": {"user": 45, "fb_name": "Jennifer Williams", "fb_id": "43", "state": "Texas", "preferred_candidate": "Johnson", "reason": null, "_paired_with": [], "friends": [26, 41, 42, 43, 45, 46, 47, 48, 49, 50]}},
 {"model": "users.profile", "pk": 45, "fields": {"user": 46, "fb_name": "Charles Taylor", "fb_id": "44", "state": "Utah", "preferred_candidate": "Johnson", "reason": null, "_paired_with": [], "friends": [41, 42, 43, 44, 46, 47, 48, 49, 50]}},
 {"model": "users.profile", "pk": 46, "fields": {"user": 47, "fb_name": "Frederick Richardson", "fb_id": "45", "state": "Vermont", "preferred_candidate": "Johnson", "reason": null, "_paired_with": [], "friends": [20, 32, 41, 42, 43, 44, 45, 47, 48, 50]}},
 {"model": "users.profile", "pk": 47, "fields": {"user": 48, "fb_name": "Heather Baker", "fb_id": "46", "state": "Virginia", "preferred_candidate": "Clinton", "reason": null, "_paired_with": [], "friends": [41, 42, 43, 44, 45, 46, 48, 49, 50]}},
 {"model": "users.profile", "pk": 48, "fields": {"user": 49, "fb_name": "Tracy Cooper", "fb_id": "47", "state": "Washington", "preferred_candidate": "Clinton", "reason": null, "_paired_with": [], "friends": [26, 41, 42, 43, 44, 45, 46, 47, 49]}},
 {"model": "users.profile", "pk": 49, "fields": {"user": 50, "fb_name": "Kathryn Nichols", "fb_id": "48", "state": "West Virginia", "preferred_candidate": "Clinton", "reason": null, "_paired_with": [], "friends": [41, 42, 43, 44, 45, 47, 48, 50]}},
 {"model": "users.profile", "pk": 50, "fields": {"user": 51, "fb_name": "Julian Harvey", "fb_id": "49", "state": "Wisconsin", "preferred_candidate": "Johnson", "reason": null, "_paired_with": [], "friends": [41, 42, 43, 44, 45, 46, 47, 49]}},
 {"model": "users.profile", "pk": 51, "fields": {"user": 52, "fb_name": "Priscilla Williams", "fb_id": "50", "state": "Wyoming", "preferred_candidate": "Clinton", "reason": null, "_paired_with": [], "friends": [18, 52, 53, 54, 55, 57, 58, 59, 60]}},
 {"model": "users.profile", "pk": 52, "fields": {"user": 53, "fb_name": "Colleen Peterson", "fb_id": "51", "state": "Alabama", "preferred_candidate": "Clinton", "reason": null, "_paired_with": [], "friends": [7, 51, 53, 54, 55, 56, 57, 59, 60]}},
 {"model": "users.profile", "pk": 53, "fields": {"user": 54, "fb_name": "Brandi Lowe", "fb_id": "52", "state": "Alaska", "preferred_candidate": "Clinton", "reason": null, "_paired_with": [], "friends": [32, 51, 52, 54, 55, 56, 57, 59, 60]}},
 {"model": "users.profile", "pk": 54, "fields": {"user": 55, "fb_name": "Connor Meyer", "fb_id": "53", "state": "Arizona", "preferred_candidate": "Clinton", "reason": null, "_paired_with": [], "friends": [51, 52, 53, 55, 56, 57, 58, 59, 60]}},
 {"model": "users.profile", "pk": 55, "fields": {"user": 56, "fb_name": "Ryan Dennis", "fb_id": "54", "state": "Arkansas", "preferred_candidate": "Clinton", "reason": null, "_paired_with": [], "friends": [51, 52, 53, 54, 56, 57, 58, 59, 60]}},
 {"model": "users.profile", "pk": 56, "fields": {"user": 57, "fb_name": "Adam Rose", "fb_id": "55", "state": "California", "preferred_candidate": "Clinton", "reason": null, "_paired_with": [], "friends": [10, 52, 53, 54, 55, 58, 59, 60]}},
 {"model": "users.profile", "pk": 57, "fields": {"user": 58, "fb_name": "Abigail Gonzalez", "fb_id": "56", "state": "Colorado", "preferred_candidate": "Clinton", "reason": null, "_paired_with": [], "friends": [51, 52, 53, 54, 55, 58, 59, 60]}},
 {"model": "users.profile", "pk": 58, "fields": {"user": 59, "fb_name": "Caitlin Jones", "fb_id": "57", "state": "Connecticut", "preferred_candidate": "Johnson", "reason": null, "_paired_with": [], "friends": [51, 54, 55, 56, 57, 59, 60]}},
 {"model": "users.profile", "pk": 59, "fields": {"user": 60, "fb_name": "Paul Bailey", "fb_id": "58", "state": "Delaware", "preferred_candidate": "Johnson", "reason": null, "_paired_with": [], "friends": [51, 52, 53, 54, 55, 56, 57, 58, 60]}},
 {"model": "users.profile", "pk": 60, "fields": {"user": 61, "fb_name": "Charlene Armstrong", "fb_id": "59", "state": "District of Columbia", "preferred_candidate": "Clinton", "reason": null, "_paired_with": [], "friends": [51, 52, 53, 54, 55, 56, 57, 58, 59]}},
 {"model": "users.profile", "pk": 61, "fields": {"user": 62, "fb_name": "Jennifer Martin", "fb_id": "60", "state": "Florida", "preferred_candidate": "Clinton", "reason": null, "_paired_with": [], "friends": [62, 63, 64, 65, 66, 67, 68, 69, 70]}},
 {"model": "users.profile", "pk": 62, "fields": {"user": 63, "fb_name": "Amy Hammond", "fb_id": "61", "state": "Georgia", "preferred_candidate": "Johnson", "reason": null, "_paired_with": [], "friends": [61, 63, 64, 65, 66, 67, 68, 69, 70]}},
 {"model": "users.profile", "pk": 63, "fields": {"user": 64, "fb_name": "Paige Holland", "fb_id": "62", "state": "Hawaii", "preferred_candidate": "Clinton", "reason": null, "_paired_with": [], "friends": [61, 62, 65, 66, 67, 68, 69, 70, 82]}},
 {"model": "users.profile", "pk": 64, "fields": {"user": 65, "fb_name": "Robert Horton", "fb_id": "63", "state": "Idaho", "preferred_candidate": "Clinton", "reason": null, "_paired_with": [], "friends": [61, 62, 65, 66, 67, 68, 69, 70]}},
 {"model": "users.profile", "pk": 65, "fields": {"user": 66, "fb_name": "Angela Skinner", "fb_id": "64", "state": "Illinois", "preferred_candidate": "Johnson", "reason": null, "_paired_with": [], "friends": [61, 62, 63, 64, 66, 67, 68, 69, 70]}},
 {"model": "users.profile", "pk": 66, "fields": {"user": 67, "fb_name": "Tamara Mathis", "fb_id": "65", "state": "Indiana", "preferred_candidate": "Johnson", "reason": null, "_paired_with": [], "friends": [61, 62, 63, 64, 65, 67, 68, 69, 70]}},
 {"model": "users.profile", "pk": 67, "fields": {"user": 68, "fb_name": "David Hoffman", "fb_id": "66", "state": "Iowa", "preferred_candidate": "Johnson", "reason": null, "_paired_with": [], "friends": [33, 61, 62, 63, 64, 65, 66, 68, 69, 70]}},
 {"model": "users.profile", "pk": 68, "fields": {"user": 69, "fb_name": "Bob Hernandez", "fb_id": "67", "state": "Kansas", "preferred_candidate": "Clinton", "reason": null, "_paired_with": [], "friends": [61, 62, 63, 64, 65, 66, 67, 69, 70]}},
 {"model": "users.profile", "pk": 69, "fields": {"user": 70, "fb_name": "Steven Valencia", "fb_id": "68", "state": "Kentucky", "preferred_candidate": "Johnson", "reason": null, "_paired_with": [], "friends": [61, 62, 63, 64, 65, 66, 67, 68, 70]}},
 {"model": "users.profile", "pk": 70, "fields": {"user": 71, "fb_name": "Erica Morris", "fb_id": "69", "state": "Louisiana", "preferred_candidate": "Clinton", "reason": null, "_paired_with": [], "friends": [61, 62, 63, 64, 65, 66, 67, 68, 69]}},
 {"model": "users.profile", "pk": 71, "fields": {"user": 72, "fb_name": "Ann Young", "fb_id": "70", "state": "Maine", "preferred_candidate": "Johnson", "reason": null, "_paired_with": [], "friends": [72, 73, 74, 76, 77, 78, 79, 80, 94]}},
 {"model": "users.profile", "pk": 72, "fields": {"user": 73, "fb_name": "Aaron Mercado", "fb_id": "71", "state": "Maryland", "preferred_candidate": "Clinton", "reason": null, "_paired_with": [], "friends": [71, 73, 74, 75, 76, 77, 78, 79, 80]}},
 {"model": "users.profile", "pk": 73, "fields": {"user": 74, "fb_name": "Brandon Tapia", "fb_id": "72", "state": "Massachusetts", "preferred_candidate": "Clinton", "reason": null, "_paired_with": [], "friends": [71, 72, 74, 75, 76, 77, 78, 79, 80]}},
 {"model": "users.profile", "pk": 74, "fields": {"user": 75, "fb_name": "Nicolas Cook", "fb_id": "73", "state": "Michigan", "preferred_candidate": "Johnson", "reason": null, "_paired_with": [], "friends": [71, 72, 73, 75, 76, 77, 79, 80, 81]}},
 {"model": "users.profile", "pk": 75, "fields": {"user": 76, "fb_name": "Christy Wells", "fb_id": "74", "state": "Minnesota", "preferred_candidate": "Johnson", "reason": null, "_paired_with": [], "friends": [72, 73, 74, 76, 77, 78, 79, 80]}},
 {"model": "users.profile", "pk": 76, "fields": {"user": 77, "fb_name": "Amber Oliver", "fb_id": "75", "state": "Mississippi", "preferred_candidate": "Johnson", "reason": null, "_paired_with": [], "friends": [71, 72, 73, 74, 75, 77, 78, 79, 80]}},
 {"model": "users.profile", "pk": 77, "fields": {"user": 78, "fb_name": "Albert Hart", "fb_id": "76", "state": "Missouri", "preferred_candidate": "Clinton", "reason": null, "_paired_with": [], "friends": [71, 72, 73, 74, 75, 76, 78, 79, 80]}},
 {"model": "users.profile", "pk": 78, "fields": {"user": 79, "fb_name": "Nicole Jones", "fb_id": "77", "state": "Montana", "preferred_candidate": "Clinton", "reason": null, "_paired_with": [], "friends": [71, 72, 73, 75, 76, 77, 79, 80]}},
 {"model": "users.profile", "pk": 79, "fields": {"user": 80, "fb_name": "David Warren", "fb_id": "78", "state": "Nebraska", "preferred_candidate": "Clinton", "reason": null, "_paired_with": [], "friends": [71, 72, 73, 74, 75, 76, 77, 78, 80]}},
 {"model": "users.profile", "pk": 80, "fields": {"user": 81, "fb_name": "Sandra Williamson", "fb_id": "79", "state": "Nevada", "preferred_candidate": "Johnson", "reason": null, "_paired_with": [], "friends": [71, 72, 73, 74, 75, 76, 77, 78, 79]}},
 {"model": "users.profile", "pk": 81, "fields": {"user": 82, "fb_name": "Rachel Brown", "fb_id": "80", "state": "New Hampshire", "preferred_candidate": "Johnson", "reason": null, "_paired_with": [], "friends": [74, 82, 83, 84, 85, 86, 87, 88, 89, 90]}},
 {"model": "users.profile", "pk": 82, "fields": {"user": 83, "fb_name": "Felicia Stevens", "fb_id": "81", "state": "New Jersey", "preferred_candidate": "Johnson", "reason": null, "_paired_with": [], "friends": [63, 81, 83, 84, 85, 86, 87, 88, 89, 90]}},
 {"model": "users.profile", "pk": 83, "fields": {"user": 84, "fb_name": "Elizabeth Hernandez", "fb_id": "82", "state": "New Mexico", "preferred_candidate": "Johnson", "reason": null, "_paired_with": [], "friends": [8, 81, 82, 84, 85, 86, 87, 88, 89, 90]}},
 {"model": "users.profile", "pk": 84, "fields": {"user": 85, "fb_name": "Emily Tran", "fb_id": "83", "state": "New York", "preferred_candidate": "Clinton", "reason": null, "_paired_with": [], "friends": [81, 82, 83, 85, 86, 87, 88, 89, 90]}},
 {"model": "users.profile", "pk": 85, "fields": {"user": 86, "fb_name": "Kristin Cross", "fb_id": "84", "state": "North Carolina", "preferred_candidate": "Johnson", "reason": null, "_paired_with": [], "friends": [81, 82, 83, 84, 86, 87, 88, 89, 90]}},
 {"model": "users.profile", "pk": 86, "fields": {"user": 87, "fb_name": "Michelle Jones", "fb_id": "85", "state": "North Dakota", "preferred_candidate": "Clinton", "reason": null, "_paired_with": [], "friends": [81, 82, 83, 84, 85, 87, 88, 89, 90]}},
 {"model": "users.profile", "pk": 87, "fields": {"user": 88, "fb_name": "Nicole Wheeler", "fb_id": "86", "state": "Ohio", "preferred_candidate": "Clinton", "reason": null, "_paired_with": [], "friends": [81, 82, 83, 84, 85, 86, 88, 89, 90]}},
 {"model": "users.profile", "pk": 88, "fields": {"user": 89, "fb_name": "Kaitlyn Smith", "fb_id": "87", "state": "Oklahoma", "preferred_candidate": "Johnson", "reason": null, "_paired_with": [], "friends": [81, 82, 83, 84, 85, 86, 87, 89, 90]}},
 {"model": "users.profile", "pk": 89, "fields": {"user": 90, "fb_name": "Susan Dawson", "fb_id": "88", "state": "Oregon", "preferred_candidate": "Johnson", "reason": null, "_paired_with": [], "friends": [81, 82, 83, 84, 85, 86, 87, 88, 90]}},
 {"model": "users.profile", "pk": 90, "fields": {"user": 91, "fb_name": "Denise Moreno", "fb_id": "89", "state": "Pennsylvania", "preferred_candidate": "Clinton", "reason": null, "_paired_with": [], "friends": [22, 34, 81, 82, 83, 84, 85, 86, 87, 88, 89]}},
 {"model": "users.profile", "pk": 91, "fields": {"user": 92, "fb_name": "Nicholas Payne", "fb_id": "90", "state": "Rhode Island", "preferred_candidate": "Johnson", "reason": null, "_paired_with": [], "friends": [92, 93, 94, 95, 96, 97, 98, 99, 100]}},
 {"model": "users.profile", "pk": 92, "fields": {"user": 93, "fb_name": "Brett Elliott", "fb_id": "91", "state": "South Carolina", "preferred_candidate": "Clinton", "reason": null, "_paired_with": [], "friends": [91, 93, 94, 95, 96, 97, 98, 99, 100]}},
 {"model": "users.profile", "pk": 93, "fields": {"user": 94, "fb_name": "James Taylor", "fb_id": "92", "state": "South Dakota", "preferred_candidate": "Johnson", "reason": null, "_paired_with": [], "friends": [91, 92, 94, 95, 96, 97, 98, 99, 100]}},
 {"model": "users.profile", "pk": 94, "fields": {"user": 95, "fb_name": "Teresa Washington", "fb_id": "93", "state": "Tennessee", "preferred_candidate": "Johnson", "reason": null, "_paired_with": [], "friends": [71, 91, 92, 93, 95, 96, 97, 98, 99, 100]}},
 {"model": "users.profile", "pk": 95, "fields": {"user": 96, "fb_name": "Richard Howell", "fb_id": "94", "state": "Texas", "preferred_candidate": "Clinton", "reason": null, "_paired_with": [], "friends": [43, 91, 92, 93, 94, 96, 97, 98, 100]}},
 {"model": "users.profile", "pk": 96, "fields": {"user": 97, "fb_name": "Amber Lewis", "fb_id": "95", "state": "Utah", "preferred_candidate": "Johnson", "reason": null, "_paired_with": [], "friends": [91, 92, 93, 94, 95, 97, 98, 99, 100]}},
 {"model": "users.profile", "pk": 97, "fields": {"user": 98, "fb_name": "Kelly Elliott", "fb_id": "96", "state": "Vermont", "preferred_candidate": "Clinton", "reason": null, "_paired_with": [], "friends": [91, 92, 93, 94, 95, 96, 98, 99, 100]}},
 {"model": "users.profile", "pk": 98, "fields": {"user": 99, "fb_name": "Andrea Hanson", "fb_id": "97", "state": "Virginia", "preferred_candidate": "Johnson", "reason": null, "_paired_with": [], "friends": [91, 92, 93, 94, 95, 96, 97, 99, 100]}},
 {"model": "users.profile", "pk": 99, "fields": {"user": 100, "fb_name": "Jessica Leon", "fb_id": "98", "state": "Washington", "preferred_candidate": "Clinton", "reason": null, "_paired_with": [], "friends": [91, 92, 93, 94, 96, 97, 98, 100]}},
 {"model": "users.profile", "pk": 100, "fields": {"user": 101, "fb_name": "Nicholas Dean", "fb_id": "99", "state": "West Virginia", "preferred_candidate": "Johnson", "reason": null, "_paired_with": [], "friends": [91, 92, 93, 94, 95, 96, 97, 98, 99]}}]