[{"model": "contenttypes.contenttype", "pk": 1, "fields": {"app_label": "admin", "model": "logentry"}},
 {"model": "contenttypes.contenttype", "pk": 2, "fields": {"app_label": "auth", "model": "permission"}},
 {"model": "contenttypes.contenttype", "pk": 3, "fields": {"app_label": "auth", "model": "group"}},
 {"model": "contenttypes.contenttype", "pk": 4, "fields": {"app_label": "auth", "model": "user"}},
 {"model": "contenttypes.contenttype", "pk": 5, "fields": {"app_label": "contenttypes", "model": "contenttype"}},
 {"model": "contenttypes.contenttype", "pk": 6, "fields": {"app_label": "sessions", "model": "session"}},
 {"model": "contenttypes.contenttype", "pk": 7, "fields": {"app_label": "social_auth", "model": "usersocialauth"}},
 {"model": "contenttypes.contenttype", "pk": 8, "fields": {"app_label": "social_auth", "model": "nonce"}},
 {"model": "contenttypes.contenttype", "pk": 9, "fields": {"app_label": "social_auth", "model": "association"}},
 {"model": "contenttypes.contenttype", "pk": 10, "fields": {"app_label": "social_auth", "model": "code"}},
 {"model": "contenttypes.contenttype", "pk": 11, "fields": {"app_label": "polling", "model": "state"}},
 {"model": "contenttypes.contenttype", "pk": 12, "fields": {"app_label": "users", "model": "profile"}},
 {"model": "polling.state", "pk": 1, "fields": {"name": "Alabama", "updated": "2016-09-11", "abbv": "AL", "tipping_point_rank": -1, "safe_for": "Trump", "safe_rank": 4, "leans": "", "lean_rank": -1}},
 {"model": "polling.state", "pk": 2, "fields": {"name": "Alaska", "updated": "2016-09-11", "abbv": "AK", "tipping_point_rank": -1, "safe_for": "Trump", "safe_rank": 17, "leans": "", "lean_rank": -1}},
 {"model": "polling.state", "pk": 3, "fields": {"name": "Arizona", "updated": "2016-09-11", "abbv": "AZ", "tipping_point_rank": -1, "safe_for": "Trump", "safe_rank": 23, "leans": "", "lean_rank": -1}},
 {"model": "polling.state", "pk": 4, "fields": {"name": "Arkansas", "updated": "2016-09-11", "abbv": "AR", "tipping_point_rank": -1, "safe_for": "Trump", "safe_rank": 13, "leans": "", "lean_rank": -1}},
 {"model": "polling.state", "pk": 5, "fields": {"name": "California", "updated": "2016-09-11", "abbv": "CA", "tipping_point_rank": -1, "safe_for": "Clinton", "safe_rank": 5, "leans": "", "lean_rank": -1}},
 {"model": "polling.state", "pk": 6, "fields": {"name": "Colorado", "updated": "2016-09-11", "abbv": "CO", "tipping_point_rank": 8, "safe_for": "", "safe_rank": -1, "leans": "Clinton", "lean_rank": 8}},
 {"model": "polling.state", "pk": 7, "fields": {"name": "Connecticut", "updated": "2016-09-11", "abbv": "CT", "tipping_point_rank": -1, "safe_for": "Clinton", "safe_rank": 11, "leans": "", "lean_rank": -1}},
 {"model": "polling.state", "pk": 8, "fields": {"name": "Delaware", "updated": "2016-09-11", "abbv": "DE", "tipping_point_rank": -1, "safe_for": "Clinton", "safe_rank": 12, "leans": "", "lean_rank": -1}},
 {"model": "polling.state", "pk": 9, "fields": {"name": "District of Columbia", "updated": "2016-09-11", "abbv": "DC", "tipping_point_rank": -1, "safe_for": "Clinton", "safe_rank": 1, "leans": "", "lean_rank": -1}},
 {"model": "polling.state", "pk": 10, "fields": {"name": "Florida", "updated": "2016-09-11", "abbv": "FL", "tipping_point_rank": 1, "safe_for": "", "safe_rank": -1, "leans": "Clinton", "lean_rank": 4}},
 {"model": "polling.state", "pk": 11, "fields": {"name": "Georgia", "updated": "2016-09-11", "abbv": "GA", "tipping_point_rank": -1, "safe_for": "Trump", "safe_rank": 22, "leans": "", "lean_rank": -1}},
 {"model": "polling.state", "pk": 12, "fields": {"name": "Hawaii", "updated": "2016-09-11", "abbv": "HI", "tipping_point_rank": -1, "safe_for": "Clinton", "safe_rank": 2, "leans": "", "lean_rank": -1}},
 {"model": "polling.state", "pk": 13, "fields": {"name": "Idaho", "updated": "2016-09-11", "abbv": "ID", "tipping_point_rank": -1, "safe_for": "Trump", "safe_rank": 6, "leans": "", "lean_rank": -1}},
 {"model": "polling.state", "pk": 14, "fields": {"name": "Illinois", "updated": "2016-09-11", "abbv": "IL", "tipping_point_rank": -1, "safe_for": "Clinton", "safe_rank": 9, "leans": "", "lean_rank": -1}},
 {"model": "polling.state", "pk": 15, "fields": {"name": "Indiana", "updated": "2016-09-11", "abbv": "IN", "tipping_point_rank": -1, "safe_for": "Trump", "safe_rank": 14, "leans": "", "lean_rank": -1}},
 {"model": "polling.state", "pk": 16, "fields": {"name": "Iowa", "updated": "2016-09-11", "abbv": "IA", "tipping_point_rank": -1, "safe_for": "", "safe_rank": -1, "leans": "Clinton", "lean_rank": 1}},
 {"model": "polling.state", "pk": 17, "fields": {"name": "Kansas", "updated": "2016-09-11", "abbv": "KS", "tipping_point_rank": -1, "safe_for": "Trump", "safe_rank": 18, "leans": "", "lean_rank": -1}},
 {"model": "polling.state", "pk": 18, "fields": {"name": "Kentucky", "updated": "2016-09-11", "abbv": "KY", "tipping_point_rank": -1, "safe_for": "Trump", "safe_rank": 9, "leans": "", "lean_rank": -1}},
 {"model": "polling.state", "pk": 19, "fields": {"name": "Louisiana", "updated": "2016-09-11", "abbv": "LA", "tipping_point_rank": -1, "safe_for": "Trump", "safe_rank": 8, "leans": "", "lean_rank": -1}},
 {"model": "polling.state", "pk": 20, "fields": {"name": "Maine", "updated": "2016-09-11", "abbv": "ME", "tipping_point_rank": -1, "safe_for": "Clinton", "safe_rank": 16, "leans": "", "lean_rank": -1}},
 {"model": "polling.state", "pk": 21, "fields": {"name": "Maryland", "updated": "2016-09-11", "abbv": "MD", "tipping_point_rank": -1, "safe_for": "Clinton", "safe_rank": 3, "leans": "", "lean_rank": -1}},
 {"model": "polling.state", "pk": 22, "fields": {"name": "Massachusetts", "updated": "2016-09-11", "abbv": "MA", "tipping_point_rank": -1, "safe_for": "Clinton", "safe_rank": 6, "leans": "", "lean_rank": -1}},
 {"model": "polling.state", "pk": 23, "fields": {"name": "Michigan", "updated": "2016-09-11", "abbv": "MI", "tipping_point_rank": 4, "safe_for": "", "safe_rank": -1, "leans": "Clinton", "lean_rank": 10}},
 {"model": "polling.state", "pk": 24, "fields": {"name": "Minnesota", "updated": "2016-09-11", "abbv": "MN", "tipping_point_rank": 10, "safe_for": "", "safe_rank": -1, "leans": "Clinton", "lean_rank": 12}},
 {"model": "polling.state", "pk": 25, "fields": {"name": "Mississippi", "updated": "2016-09-11", "abbv": "MS", "tipping_point_rank": -1, "safe_for": "Trump", "safe_rank": 12, "leans": "", "lean_rank": -1}},
 {"model": "polling.state", "pk": 26, "fields": {"name": "Missouri", "updated": "2016-09-11", "abbv": "MO", "tipping_point_rank": -1, "safe_for": "Trump", "safe_rank": 20, "leans": "", "lean_rank": -1}},
 {"model": "polling.state", "pk": 27, "fields": {"name": "Montana", "updated": "2016-09-11", "abbv": "MT", "tipping_point_rank": -1, "safe_for": "Trump", "safe_rank": 16, "leans": "", "lean_rank": -1}},
 {"model": "polling.state", "pk": 28, "fields": {"name": "Nebraska", "updated": "2016-09-11", "abbv": "NE", "tipping_point_rank": -1, "safe_for": "Trump", "safe_rank": 10, "leans": "", "lean_rank": -1}},
 {"model": "polling.state", "pk": 29, "fields": {"name": "Nevada", "updated": "2016-09-11", "abbv": "NV", "tipping_point_rank": 9, "safe_for": "", "safe_rank": -1, "leans": "Clinton", "lean_rank": 5}},
 {"model": "polling.state", "pk": 30, "fields": {"name": "New Hampshire", "updated": "2016-09-11", "abbv": "NH", "tipping_point_rank": -1, "safe_for": "", "safe_rank": -1, "leans": "Clinton", "lean_rank": 6}},
 {"model": "polling.state", "pk": 31, "fields": {"name": "New Jersey", "updated": "2016-09-11", "abbv": "NJ", "tipping_point_rank": -1, "safe_for": "Clinton", "safe_rank": 15, "leans": "", "lean_rank": -1}},
 {"model": "polling.state", "pk": 32, "fields": {"name": "New Mexico", "updated": "2016-09-11", "abbv": "NM", "tipping_point_rank": -1, "safe_for": "", "safe_rank": -1, "leans": "Clinton", "lean_rank": 12}},
 {"model": "polling.state", "pk": 33, "fields": {"name": "New York", "updated": "2016-09-11", "abbv": "NY", "tipping_point_rank": -1, "safe_for": "Clinton", "safe_rank": 8, "leans": "", "lean_rank": -1}},
 {"model": "polling.state", "pk": 34, "fields": {"name": "North Carolina", "updated": "2016-09-11", "abbv": "NC", "tipping_point_rank": 5, "safe_for": "", "safe_rank": -1, "leans": "Clinton", "lean_rank": 2}},
 {"model": "polling.state", "pk": 35, "fields": {"name": "North Dakota", "updated": "2016-09-11", "abbv": "ND", "tipping_point_rank": -1, "safe_for": "Trump", "safe_rank": 5, "leans": "", "lean_rank": -1}},
 {"model": "polling.state", "pk": 36, "fields": {"name": "Ohio", "updated": "2016-09-11", "abbv": "OH", "tipping_point_rank": 2, "safe_for": "", "safe_rank": -1, "leans": "Clinton", "lean_rank": 3}},
 {"model": "polling.state", "pk": 37, "fields": {"name": "Oklahoma", "updated": "2016-09-11", "abbv": "OK", "tipping_point_rank": -1, "safe_for": "Trump", "safe_rank": 2, "leans": "", "lean_rank": -1}},
 {"model": "polling.state", "pk": 38, "fields": {"name": "Oregon", "updated": "2016-09-11", "abbv": "OR", "tipping_point_rank": -1, "safe_for": "Clinton", "safe_rank": 13, "leans": "", "lean_rank": -1}},
 {"model": "polling.state", "pk": 39, "fields": {"name": "Pennsylvania", "updated": "2016-09-11", "abbv": "PA", "tipping_point_rank": 3, "safe_for": "", "safe_rank": -1, "leans": "Clinton", "lean_rank": 7}},
 {"model": "polling.state", "pk": 40, "fields": {"name": "Rhode Island", "updated": "2016-09-11", "abbv": "RI", "tipping_point_rank": -1, "safe_for": "Clinton", "safe_rank": 14, "leans": "", "lean_rank": -1}},
 {"model": "polling.state", "pk": 41, "fields": {"name": "South Carolina", "updated": "2016-09-11", "abbv": "SC", "tipping_point_rank": -1, "safe_for": "Trump", "safe_rank": 21, "leans": "", "lean_rank": -1}},
 {"model": "polling.state", "pk": 42, "fields": {"name": "South Dakota", "updated": "2016-09-11", "abbv": "SD", "tipping_point_rank": -1, "safe_for": "Trump", "safe_rank": 15, "leans": "", "lean_rank": -1}},
 {"model": "polling.state", "pk": 43, "fields": {"name": "Tennessee", "updated": "2016-09-11", "abbv": "TN", "tipping_point_rank": -1, "safe_for": "Trump", "safe_rank": 7, "leans": "", "lean_rank": -1}},
 {"model": "polling.state", "pk": 44, "fields": {"name": "Texas", "updated": "2016-09-11", "abbv": "TX", "tipping_point_rank": -1, "safe_for": "Trump", "safe_rank": 19, "leans": "", "lean_rank": -1}},
 {"model": "polling.state", "pk": 45, "fields": {"name": "Utah", "updated": "2016-09-11", "abbv": "UT", "tipping_point_rank": -1, "safe_for": "Trump", "safe_rank": 11, "leans": "", "lean_rank": -1}},
 {"model": "polling.state", "pk": 46, "fields": {"name": "Vermont", "updated": "2016-09-11", "abbv": "VT", "tipping_point_rank": -1, "safe_for": "Clinton", "safe_rank": 4, "leans": "", "lean_rank": -1}},
 {"model": "polling.state", "pk": 47, "fields": {"name": "Virginia", "updated": "2016-09-11", "abbv": "VA", "tipping_point_rank": 6, "safe_for": "", "safe_rank": -1, "leans": "Clinton", "lean_rank": 11}},
 {"model": "polling.state", "pk": 48, "fields": {"name": "Washington", "updated": "2016-09-11", "abbv": "WA", "tipping_point_rank": -1, "safe_for": "Clinton", "safe_rank": 10, "leans": "", "lean_rank": -1}},
 {"model": "polling.state", "pk": 49, "fields": {"name": "West Virginia", "updated": "2016-09-11", "abbv": "WV", "tipping_point_rank": -1, "safe_for": "Trump", "safe_rank": 3, "leans": "", "lean_rank": -1}},
 {"model": "polling.state", "pk": 50, "fields": {"name": "Wisconsin", "updated": "2016-09-11", "abbv": "WI", "tipping_point_rank": 7, "safe_for": "", "safe_rank": -1, "leans": "Clinton", "lean_rank": 9}},
 {"model": "polling.state", "pk": 51, "fields": {"name": "Wyoming", "updated": "2016-09-11", "abbv": "WY", "tipping_point_rank": -1, "safe_for": "Trump", "safe_rank": 1, "leans": "", "lean_rank": -1}},
 {"model": "auth.permission", "pk": 1, "fields": {"name": "Can add log entry", "content_type": 1, "codename": "add_logentry"}},
 {"model": "auth.permission", "pk": 2, "fields": {"name": "Can change log entry", "content_type": 1, "codename": "change_logentry"}},
 {"model": "auth.permission", "pk": 3, "fields": {"name": "Can delete log entry", "content_type": 1, "codename": "delete_logentry"}},
 {"model": "auth.permission", "pk": 4, "fields": {"name": "Can add permission", "content_type": 2, "codename": "add_permission"}},
 {"model": "auth.permission", "pk": 5, "fields": {"name": "Can change permission", "content_type": 2, "codename": "change_permission"}},
 {"model": "auth.permission", "pk": 6, "fields": {"name": "Can delete permission", "content_type": 2, "codename": "delete_permission"}},
 {"model": "auth.permission", "pk": 7, "fields": {"name": "Can add group", "content_type": 3, "codename": "add_group"}},
 {"model": "auth.permission", "pk": 8, "fields": {"name": "Can change group", "content_type": 3, "codename": "change_group"}},
 {"model": "auth.permission", "pk": 9, "fields": {"name": "Can delete group", "content_type": 3, "codename": "delete_group"}},
 {"model": "auth.permission", "pk": 10, "fields": {"name": "Can add user", "content_type": 4, "codename": "add_user"}},
 {"model": "auth.permission", "pk": 11, "fields": {"name": "Can change user", "content_type": 4, "codename": "change_user"}},
 {"model": "auth.permission", "pk": 12, "fields": {"name": "Can delete user", "content_type": 4, "codename": "delete_user"}},
 {"model": "auth.permission", "pk": 13, "fields": {"name": "Can add content type", "content_type": 5, "codename": "add_contenttype"}},
 {"model": "auth.permission", "pk": 14, "fields": {"name": "Can change content type", "content_type": 5, "codename": "change_contenttype"}},
 {"model": "auth.permission", "pk": 15, "fields": {"name": "Can delete content type", "content_type": 5, "codename": "delete_contenttype"}},
 {"model": "auth.permission", "pk": 16, "fields": {"name": "Can add session", "content_type": 6, "codename": "add_session"}},
 {"model": "auth.permission", "pk": 17, "fields": {"name": "Can change session", "content_type": 6, "codename": "change_session"}},
 {"model": "auth.permission", "pk": 18, "fields": {"name": "Can delete session", "content_type": 6, "codename": "delete_session"}},
 {"model": "auth.permission", "pk": 19, "fields": {"name": "Can add user social auth", "content_type": 7, "codename": "add_usersocialauth"}},
 {"model": "auth.permission", "pk": 20, "fields": {"name": "Can change user social auth", "content_type": 7, "codename": "change_usersocialauth"}},
 {"model": "auth.permission", "pk": 21, "fields": {"name": "Can delete user social auth", "content_type": 7, "codename": "delete_usersocialauth"}},
 {"model": "auth.permission", "pk": 22, "fields": {"name": "Can add nonce", "content_type": 8, "codename": "add_nonce"}},
 {"model": "auth.permission", "pk": 23, "fields": {"name": "Can change nonce", "content_type": 8, "codename": "change_nonce"}},
 {"model": "auth.permission", "pk": 24, "fields": {"name": "Can delete nonce", "content_type": 8, "codename": "delete_nonce"}},
 {"model": "auth.permission", "pk": 25, "fields": {"name": "Can add association", "content_type": 9, "codename": "add_association"}},
 {"model": "auth.permission", "pk": 26, "fields": {"name": "Can change association", "content_type": 9, "codename": "change_association"}},
 {"model": "auth.permission", "pk": 27, "fields": {"name": "Can delete association", "content_type": 9, "codename": "delete_association"}},
 {"model": "auth.permission", "pk": 28, "fields": {"name": "Can add code", "content_type": 10, "codename": "add_code"}},
 {"model": "auth.permission", "pk": 29, "fields": {"name": "Can change code", "content_type": 10, "codename": "change_code"}},
 {"model": "auth.permission", "pk": 30, "fields": {"name": "Can delete code", "content_type": 10, "codename": "delete_code"}},
 {"model": "auth.permission", "pk": 31, "fields": {"name": "Can add state", "content_type": 11, "codename": "add_state"}},
 {"model": "auth.permission", "pk": 32, "fields": {"name": "Can change state", "content_type": 11, "codename": "change_state"}},
 {"model": "auth.permission", "pk": 33, "fields": {"name": "Can delete state", "content_type": 11, "codename": "delete_state"}},
 {"model": "auth.permission", "pk": 34, "fields": {"name": "Can add profile", "content_type": 12, "codename": "add_profile"}},
 {"model": "auth.permission", "pk": 35, "fields": {"name": "Can change profile", "content_type": 12, "codename": "change_profile"}},
 {"model": "auth.permission", "pk": 36, "fields": {"name": "Can delete profile", "content_type": 12, "codename": "delete_profile"}},
 {"model": "auth.user", "pk": 1, "fields": {"password": "pbkdf2_sha256$24000$xV5Zyb2dDsFe$LvnoV0ZkmHFmWU1afJaY3NkafBAWaMd/4poAW+ZlHCU=", "last_login": null, "is_superuser": true, "username": "admin", "first_name": "", "last_name": "", "email": "admin@voteswap.us", "is_staff": true, "is_active": true, "date_joined": "2016-09-14T04:57:10.338Z", "groups": [], "user_permissions": []}},
 {"model": "auth.user", "pk": 2, "fields": {"password": "", "last_login": null, "is_superuser": false, "username": "patrick.carter", "first_name": "Patrick", "last_name": "Carter", "email": "patrick.carter@gmail.com", "is_staff": false, "is_active": true, "date_joined": "2016-09-14T04:57:33.027Z", "groups": [], "user_permissions": []}},
 {"model": "auth.user", "pk": 3, "fields": {"password": "", "last_login": null, "is_superuser": false, "username": "tammy.king", "first_name": "Tammy", "last_name": "King", "email": "tammy.king@gmail.com", "is_staff": false, "is_active": true, "date_joined": "2016-09-14T04:57:33.074Z", "groups": [], "user_permissions": []}},
 {"model": "auth.user", "pk": 4, "fields": {"password": "", "last_login": null, "is_superuser": false, "username": "tiffany.allen", "first_name": "Tiffany", "last_name": "Allen", "email": "tiffany.allen@gmail.com", "is_staff": false, "is_active": true, "date_joined": "2016-09-14T04:57:33.113Z", "groups": [], "user_permissions": []}},
 {"model": "auth.user", "pk": 5, "fields": {"password": "", "last_login": null, "is_superuser": false, "username": "blake.rice", "first_name": "Blake", "last_name": "Rice", "email": "blake.rice@gmail.com", "is_staff": false, "is_active": true, "date_joined": "2016-09-14T04:57:33.137Z", "groups": [], "user_permissions": []}},
 {"model": "auth.user", "pk": 6, "fields": {"password": "", "last_login": null, "is_superuser": false, "username": "julie.boyd", "first_name": "Julie", "last_name": "Boyd", "email": "julie.boyd@gmail.com", "is_staff": false, "is_active": true, "date_joined": "2016-09-14T04:57:33.172Z", "groups": [], "user_permissions": []}},
 {"model": "auth.user", "pk": 7, "fields": {"password": "", "last_login": null, "is_superuser": false, "username": "anthony.thompson", "first_name": "Anthony", "last_name": "Thompson", "email": "anthony.thompson@gmail.com", "is_staff": false, "is_active": true, "date_joined": "2016-09-14T04:57:33.194Z", "groups": [], "user_permissions": []}},
 {"model": "auth.user", "pk": 8, "fields": {"password": "", "last_login": null, "is_superuser": false, "username": "kayla.boyd", "first_name": "Kayla", "last_name": "Boyd", "email": "kayla.boyd@gmail.com", "is_staff": false, "is_active": true, "date_joined": "2016-09-14T04:57:33.230Z", "groups": [], "user_permissions": []}},
 {"model": "auth.user", "pk": 9, "fields": {"password": "", "last_login": null, "is_superuser": false, "username": "jimmy.brown", "first_name": "Jimmy", "last_name": "Brown", "email": "jimmy.brown@gmail.com", "is_staff": false, "is_active": true, "date_joined": "2016-09-14T04:57:33.256Z", "groups": [], "user_permissions": []}},
 {"model": "auth.user", "pk": 10, "fields": {"password": "", "last_login": null, "is_superuser": false, "username": "raymond.bowers", "first_name": "Raymond", "last_name": "Bowers", "email": "raymond.bowers@gmail.com", "is_staff": false, "is_active": true, "date_joined": "2016-09-14T04:57:33.280Z", "groups": [], "user_permissions": []}},
 {"model": "auth.user", "pk": 11, "fields": {"password": "", "last_login": null, "is_superuser": false, "username": "monica.collins", "first_name": "Monica", "last_name": "Collins", "email": "monica.collins@gmail.com", "is_staff": false, "is_active": true, "date_joined": "2016-09-14T04:57:33.310Z", "groups": [], "user_permissions": []}},
 {"model": "auth.user", "pk": 12, "fields": {"password": "", "last_login": null, "is_superuser": false, "username": "krystal.garcia", "first_name": "Krystal", "last_name": "Garcia", "email": "krystal.garcia@gmail.com", "is_staff": false, "is_active": true, "date_joined": "2016-09-14T04:57:33.340Z", "groups": [], "user_permissions": []}},
 {"model": "auth.user", "pk": 13, "fields": {"password": "", "last_login": null, "is_superuser": false, "username": "patrick.barnett", "first_name": "Patrick", "last_name": "Barnett", "email": "patrick.barnett@gmail.com", "is_staff": false, "is_active": true, "date_joined": "2016-09-14T04:57:33.365Z", "groups": [], "user_permissions": []}},
 {"model": "auth.user", "pk": 14, "fields": {"password": "", "last_login": null, "is_superuser": false, "username": "julie.harrington", "first_name": "Julie", "last_name": "Harrington", "email": "julie.harrington@gmail.com", "is_staff": false, "is_active": true, "date_joined": "2016-09-14T04:57:33.389Z", "groups": [], "user_permissions": []}},
 {"model": "auth.user", "pk": 15, "fields": {"password": "", "last_login": null, "is_superuser": false, "username": "billy.rivera", "first_name": "Billy", "last_name": "Rivera", "email": "billy.rivera@gmail.com", "is_staff": false, "is_active": true, "date_joined": "2016-09-14T04:57:33.414Z", "groups": [], "user_permissions": []}},
 {"model": "auth.user", "pk": 16, "fields": {"password": "", "last_login": null, "is_superuser": false, "username": "eduardo.riley", "first_name": "Eduardo", "last_name": "Riley", "email": "eduardo.riley@gmail.com", "is_staff": false, "is_active": true, "date_joined": "2016-09-14T04:57:33.438Z", "groups": [], "user_permissions": []}},
 {"model": "auth.user", "pk": 17, "fields": {"password": "", "last_login": null, "is_superuser": false, "username": "allison.smith", "first_name": "Allison", "last_name": "Smith", "email": "allison.smith@gmail.com", "is_staff": false, "is_active": true, "date_joined": "2016-09-14T04:57:33.488Z", "groups": [], "user_permissions": []}},
 {"model": "auth.user", "pk": 18, "fields": {"password": "", "last_login": null, "is_superuser": false, "username": "amy.hill", "first_name": "Amy", "last_name": "Hill", "email": "amy.hill@gmail.com", "is_staff": false, "is_active": true, "date_joined": "2016-09-14T04:57:33.516Z", "groups": [], "user_permissions": []}},
 {"model": "auth.user", "pk": 19, "fields": {"password": "", "last_login": null, "is_superuser": false, "username": "erin.lamb", "first_name": "Erin", "last_name": "Lamb", "email": "erin.lamb@gmail.com", "is_staff": false, "is_active": true, "date_joined": "2016-09-14T04:57:33.539Z", "groups": [], "user_permissions": []}},
 {"model": "auth.user", "pk": 20, "fields": {"password": "", "last_login": null, "is_superuser": false, "username": "andrew.wilson", "first_name": "Andrew", "last_name": "Wilson", "email": "andrew.wilson@gmail.com", "is_staff": false, "is_active": true, "date_joined": "2016-09-14T04:57:33.567Z", "groups": [], "user_permissions": []}},
 {"model": "auth.user", "pk": 21, "fields": {"password": "", "last_login": null, "is_superuser": false, "username": "miranda.mendez", "first_name": "Miranda", "last_name": "Mendez", "email": "miranda.mendez@gmail.com", "is_staff": false, "is_active": true, "date_joined": "2016-09-14T04:57:33.592Z", "groups": [], "user_permissions": []}},
 {"model": "auth.user", "pk": 22, "fields": {"password": "", "last_login": null, "is_superuser": false, "username": "david.vazquez", "first_name": "David", "last_name": "Vazquez", "email": "david.vazquez@gmail.com", "is_staff": false, "is_active": true, "date_joined": "2016-09-14T04:57:33.616Z", "groups": [], "user_permissions": []}},
 {"model": "auth.user", "pk": 23, "fields": {"password": "", "last_login": null, "is_superuser": false, "username": "ryan.phillips", "first_name": "Ryan", "last_name": "Phillips", "email": "ryan.phillips@gmail.com", "is_staff": false, "is_active": true, "date_joined": "2016-09-14T04:57:33.640Z", "groups": [], "user_permissions": []}},
 {"model": "auth.user", "pk": 24, "fields": {"password": "", "last_login": null, "is_superuser": false, "username": "danielle.thomas", "first_name": "Danielle", "last_name": "Thomas", "email": "danielle.thomas@gmail.com", "is_staff": false, "is_active": true, "date_joined": "2016-09-14T04:57:33.663Z", "groups": [], "user_permissions": []}},
 {"model": "auth.user", "pk": 25, "fields": {"password": "", "last_login": null, "is_superuser": false, "username": "jason.willis", "first_name": "Jason", "last_name": "Willis", "email": "jason.willis@gmail.com", "is_staff": false, "is_active": true, "date_joined": "2016-09-14T04:57:33.687Z", "groups": [], "user_permissions": []}},
 {"model": "auth.user", "pk": 26, "fields": {"password": "", "last_login": null, "is_superuser": false, "username": "nicole.ross", "first_name": "Nicole", "last_name": "Ross", "email": "nicole.ross@gmail.com", "is_staff": false, "is_active": true, "date_joined": "2016-09-14T04:57:33.710Z", "groups": [], "user_permissions": []}},
 {"model": "auth.user", "pk": 27, "fields": {"password": "", "last_login": null, "is_superuser": false, "username": "margaret.lucero", "first_name": "Margaret", "last_name": "Lucero", "email": "margaret.lucero@gmail.com", "is_staff": false, "is_active": true, "date_joined": "2016-09-14T04:57:33.734Z", "groups": [], "user_permissions": []}},
 {"model": "auth.user", "pk": 28, "fields": {"password": "", "last_login": null, "is_superuser": false, "username": "mark.bennett", "first_name": "Mark", "last_name": "Bennett", "email": "mark.bennett@gmail.com", "is_staff": false, "is_active": true, "date_joined": "2016-09-14T04:57:33.759Z", "groups": [], "user_permissions": []}},
 {"model": "auth.user", "pk": 29, "fields": {"password": "", "last_login": null, "is_superuser": false, "username": "alicia.myers", "first_name": "Alicia", "last_name": "Myers", "email": "alicia.myers@gmail.com", "is_staff": false, "is_active": true, "date_joined": "2016-09-14T04:57:33.782Z", "groups": [], "user_permissions": []}},
 {"model": "auth.user", "pk": 30, "fields": {"password": "", "last_login": null, "is_superuser": false, "username": "charles.olson", "first_name": "Charles", "last_name": "Olson", "email": "charles.olson@gmail.com", "is_staff": false, "is_active": true, "date_joined": "2016-09-14T04:57:33.826Z", "groups": [], "user_permissions": []}},
 {"model": "auth.user", "pk": 31, "fields": {"password": "", "last_login": null, "is_superuser": false, "username": "amy.avery", "first_name": "Amy", "last_name": "Avery", "email": "amy.avery@gmail.com", "is_staff": false, "is_active": true, "date_joined": "2016-09-14T04:57:33.852Z", "groups": [], "user_permissions": []}},
 {"model": "auth.user", "pk": 32, "fields": {"password": "", "last_login": null, "is_superuser": false, "username": "david.chapman", "first_name": "David", "last_name": "Chapman", "email": "david.chapman@gmail.com", "is_staff": false, "is_active": true, "date_joined": "2016-09-14T04:57:33.874Z", "groups": [], "user_permissions": []}},
 {"model": "auth.user", "pk": 33, "fields": {"password": "", "last_login": null, "is_superuser": false, "username": "danielle.blackwell", "first_name": "Danielle", "last_name": "Blackwell", "email": "danielle.blackwell@gmail.com", "is_staff": false, "is_active": true, "date_joined": "2016-09-14T04:57:33.897Z", "groups": [], "user_permissions": []}},
 {"model": "auth.user", "pk": 34, "fields": {"password": "", "last_login": null, "is_superuser": false, "username": "jason.wilson", "first_name": "Jason", "last_name": "Wilson", "email": "jason.wilson@gmail.com", "is_staff": false, "is_active": true, "date_joined": "2016-09-14T04:57:33.921Z", "groups": [], "user_permissions": []}},
 {"model": "auth.user", "pk": 35, "fields": {"password": "", "last_login": null, "is_superuser": false, "username": "cheryl.beard", "first_name": "Cheryl", "last_name": "Beard", "email": "cheryl.beard@gmail.com", "is_staff": false, "is_active": true, "date_joined": "2016-09-14T04:57:33.953Z", "groups": [], "user_permissions": []}},
 {"model": "auth.user", "pk": 36, "fields": {"password": "", "last_login": null, "is_superuser": false, "username": "matthew.davis", "first_name": "Matthew", "last_name": "Davis", "email": "matthew.davis@gmail.com", "is_staff": false, "is_active": true, "date_joined": "2016-09-14T04:57:33.982Z", "groups": [], "user_permissions": []}},
 {"model": "auth.user", "pk": 37, "fields": {"password": "", "last_login": null, "is_superuser": false, "username": "michael.murphy", "first_name": "Michael", "last_name": "Murphy", "email": "michael.murphy@gmail.com", "is_staff": false, "is_active": true, "date_joined": "2016-09-14T04:57:34.006Z", "groups": [], "user_permissions": []}},
 {"model": "auth.user", "pk": 38, "fields": {"password": "", "last_login": null, "is_superuser": false, "username": "hannah.acosta", "first_name": "Hannah", "last_name": "Acosta", "email": "hannah.acosta@gmail.com", "is_staff": false, "is_active": true, "date_joined": "2016-09-14T04:57:34.034Z", "groups": [], "user_permissions": []}},
 {"model": "auth.user", "pk": 39, "fields": {"password": "", "last_login": null, "is_superuser": false, "username": "christopher.holloway", "first_name": "Christopher", "last_name": "Holloway", "email": "christopher.holloway@gmail.com", "is_staff": false, "is_active": true, "date_joined": "2016-09-14T04:57:34.065Z", "groups": [], "user_permissions": []}},
 {"model": "auth.user", "pk": 40, "fields": {"password": "", "last_login": null, "is_superuser": false, "username": "john.ramirez", "first_name": "John", "last_name": "Ramirez", "email": "john.ramirez@gmail.com", "is_staff": false, "is_active": true, "date_joined": "2016-09-14T04:57:34.091Z", "groups": [], "user_permissions": []}},
 {"model": "auth.user", "pk": 41, "fields": {"password": "", "last_login": null, "is_superuser": false, "username": "gregg.cooper", "first_name": "Gregg", "last_name": "Cooper", "email": "gregg.cooper@gmail.com", "is_staff": false, "is_active": true, "date_joined": "2016-09-14T04:57:34.114Z", "groups": [], "user_permissions": []}},
 {"model": "auth.user", "pk": 42, "fields": {"password": "", "last_login": null, "is_superuser": false, "username": "patricia.morgan", "first_name": "Patricia", "last_name": "Morgan", "email": "patricia.morgan@gmail.com", "is_staff": false, "is_active": true, "date_joined": "2016-09-14T04:57:34.138Z", "groups": [], "user_permissions": []}},
 {"model": "auth.user", "pk": 43, "fields": {"password": "", "last_login": null, "is_superuser": false, "username": "dylan.reed", "first_name": "Dylan", "last_name": "Reed", "email": "dylan.reed@gmail.com", "is_staff": false, "is_active": true, "date_joined": "2016-09-14T04:57:34.162Z", "groups": [], "user_permissions": []}},
 {"model": "auth.user", "pk": 44, "fields": {"password": "", "last_login": null, "is_superuser": false, "username": "sandra.wells", "first_name": "Sandra", "last_name": "Wells", "email": "sandra.wells@gmail.com", "is_staff": false, "is_active": true, "date_joined": "2016-09-14T04:57:34.185Z", "groups": [], "user_permissions": []}},
 {"model": "auth.user", "pk": 45, "fields": {"password": "", "last_login": null, "is_superuser": false, "username": "andrew.hood", "first_name": "Andrew", "last_name": "Hood", "email": "andrew.hood@gmail.com", "is_staff": false, "is_active": true, "date_joined": "2016-09-14T04:57:34.208Z", "groups": [], "user_permissions": []}},
 {"model": "auth.user", "pk": 46, "fields": {"password": "", "last_login": null, "is_superuser": false, "username": "caitlin.good", "first_name": "Caitlin", "last_name": "Good", "email": "caitlin.good@gmail.com", "is_staff": false, "is_active": true, "date_joined": "2016-09-14T04:57:34.242Z", "groups": [], "user_permissions": []}},
 {"model": "auth.user", "pk": 47, "fields": {"password": "", "last_login": null, "is_superuser": false, "username": "kerri.wise", "first_name": "Kerri", "last_name": "Wise", "email": "kerri.wise@gmail.com", "is_staff": false, "is_active": true, "date_joined": "2016-09-14T04:57:34.265Z", "groups": [], "user_permissions": []}},
 {"model": "auth.user", "pk": 48, "fields": {"password": "", "last_login": null, "is_superuser": false, "username": "sarah.mckee", "first_name": "Sarah", "last_name": "Mckee", "email": "sarah.mckee@gmail.com", "is_staff": false, "is_active": true, "date_joined": "2016-09-14T04:57:34.288Z", "groups": [], "user_permissions": []}},
 {"model": "auth.user", "pk": 49, "fields": {"password": "", "last_login": null, "is_superuser": false, "username": "billy.walker", "first_name": "Billy", "last_name": "Walker", "email": "billy.walker@gmail.com", "is_staff": false, "is_active": true, "date_joined": "2016-09-14T04:57:34.317Z", "groups": [], "user_permissions": []}},
 {"model": "auth.user", "pk": 50, "fields": {"password": "", "last_login": null, "is_superuser": false, "username": "mark.davis", "first_name": "Mark", "last_name": "Davis", "email": "mark.davis@gmail.com", "is_staff": false, "is_active": true, "date_joined": "2016-09-14T04:57:34.346Z", "groups": [], "user_permissions": []}},
 {"model": "auth.user", "pk": 51, "fields": {"password": "", "last_login": null, "is_superuser": false, "username": "michael.johnson", "first_name": "Michael", "last_name": "Johnson", "email": "michael.johnson@gmail.com", "is_staff": false, "is_active": true, "date_joined": "2016-09-14T04:57:34.375Z", "groups": [], "user_permissions": []}},
 {"model": "auth.user", "pk": 52, "fields": {"password": "", "last_login": null, "is_superuser": false, "username": "kyle.mendoza", "first_name": "Kyle", "last_name": "Mendoza", "email": "kyle.mendoza@gmail.com", "is_staff": false, "is_active": true, "date_joined": "2016-09-14T04:57:34.399Z", "groups": [], "user_permissions": []}},
 {"model": "auth.user", "pk": 53, "fields": {"password": "", "last_login": null, "is_superuser": false, "username": "victoria.james", "first_name": "Victoria", "last_name": "James", "email": "victoria.james@gmail.com", "is_staff": false, "is_active": true, "date_joined": "2016-09-14T04:57:34.422Z", "groups": [], "user_permissions": []}},
 {"model": "auth.user", "pk": 54, "fields": {"password": "", "last_login": null, "is_superuser": false, "username": "melissa.wolf", "first_name": "Melissa", "last_name": "Wolf", "email": "melissa.wolf@gmail.com", "is_staff": false, "is_active": true, "date_joined": "2016-09-14T04:57:34.445Z", "groups": [], "user_permissions": []}},
 {"model": "auth.user", "pk": 55, "fields": {"password": "", "last_login": null, "is_superuser": false, "username": "sara.rosario", "first_name": "Sara", "last_name": "Rosario", "email": "sara.rosario@gmail.com", "is_staff": false, "is_active": true, "date_joined": "2016-09-14T04:57:34.468Z", "groups": [], "user_permissions": []}},
 {"model": "auth.user", "pk": 56, "fields": {"password": "", "last_login": null, "is_superuser": false, "username": "lauren.hall", "first_name": "Lauren", "last_name": "Hall", "email": "lauren.hall@gmail.com", "is_staff": false, "is_active": true, "date_joined": "2016-09-14T04:57:34.491Z", "groups": [], "user_permissions": []}},
 {"model": "auth.user", "pk": 57, "fields": {"password": "", "last_login": null, "is_superuser": false, "username": "michael.campbell", "first_name": "Michael", "last_name": "Campbell", "email": "michael.campbell@gmail.com", "is_staff": false, "is_active": true, "date_joined": "2016-09-14T04:57:34.515Z", "groups": [], "user_permissions": []}},
 {"model": "auth.user", "pk": 58, "fields": {"password": "", "last_login": null, "is_superuser": false, "username": "nicole.jones", "first_name": "Nicole", "last_name": "Jones", "email": "nicole.jones@gmail.com", "is_staff": false, "is_active": true, "date_joined": "2016-09-14T04:57:34.538Z", "groups": [], "user_permissions": []}},
 {"model": "auth.user", "pk": 59, "fields": {"password": "", "last_login": null, "is_superuser": false, "username": "vincent.terrell", "first_name": "Vincent", "last_name": "Terrell", "email": "vincent.terrell@gmail.com", "is_staff": false, "is_active": true, "date_joined": "2016-09-14T04:57:34.561Z", "groups": [], "user_permissions": []}},
 {"model": "auth.user", "pk": 60, "fields": {"password": "", "last_login": null, "is_superuser": false, "username": "zachary.sanders", "first_name": "Zachary", "last_name": "Sanders", "email": "zachary.sanders@gmail.com", "is_staff": false, "is_active": true, "date_joined": "2016-09-14T04:57:34.585Z", "groups": [], "user_permissions": []}},
 {"model": "auth.user", "pk": 61, "fields": {"password": "", "last_login": null, "is_superuser": false, "username": "carol.jones", "first_name": "Carol", "last_name": "Jones", "email": "carol.jones@gmail.com", "is_staff": false, "is_active": true, "date_joined": "2016-09-14T04:57:34.608Z", "groups": [], "user_permissions": []}},
 {"model": "auth.user", "pk": 62, "fields": {"password": "", "last_login": null, "is_superuser": false, "username": "katherine.adams", "first_name": "Katherine", "last_name": "Adams", "email": "katherine.adams@gmail.com", "is_staff": false, "is_active": true, "date_joined": "2016-09-14T04:57:34.632Z", "groups": [], "user_permissions": []}},
 {"model": "auth.user", "pk": 63, "fields": {"password": "", "last_login": null, "is_superuser": false, "username": "brenda.brown", "first_name": "Brenda", "last_name": "Brown", "email": "brenda.brown@gmail.com", "is_staff": false, "is_active": true, "date_joined": "2016-09-14T04:57:34.654Z", "groups": [], "user_permissions": []}},
 {"model": "auth.user", "pk": 64, "fields": {"password": "", "last_login": null, "is_superuser": false, "username": "suzanne.harper", "first_name": "Suzanne", "last_name": "Harper", "email": "suzanne.harper@gmail.com", "is_staff": false, "is_active": true, "date_joined": "2016-09-14T04:57:34.678Z", "groups": [], "user_permissions": []}},
 {"model": "auth.user", "pk": 65, "fields": {"password": "", "last_login": null, "is_superuser": false, "username": "kimberly.smith", "first_name": "Kimberly", "last_name": "Smith", "email": "kimberly.smith@gmail.com", "is_staff": false, "is_active": true, "date_joined": "2016-09-14T04:57:34.701Z", "groups": [], "user_permissions": []}},
 {"model": "auth.user", "pk": 66, "fields": {"password": "", "last_login": null, "is_superuser": false, "username": "joshua.lee", "first_name": "Joshua", "last_name": "Lee", "email": "joshua.lee@gmail.com", "is_staff": false, "is_active": true, "date_joined": "2016-09-14T04:57:34.730Z", "groups": [], "user_permissions": []}},
 {"model": "auth.user", "pk": 67, "fields": {"password": "", "last_login": null, "is_superuser": false, "username": "william.wright", "first_name": "William", "last_name": "Wright", "email": "william.wright@gmail.com", "is_staff": false, "is_active": true, "date_joined": "2016-09-14T04:57:34.754Z", "groups": [], "user_permissions": []}},
 {"model": "auth.user", "pk": 68, "fields": {"password": "", "last_login": null, "is_superuser": false, "username": "debbie.cox", "first_name": "Debbie", "last_name": "Cox", "email": "debbie.cox@gmail.com", "is_staff": false, "is_active": true, "date_joined": "2016-09-14T04:57:34.778Z", "groups": [], "user_permissions": []}},
 {"model": "auth.user", "pk": 69, "fields": {"password": "", "last_login": null, "is_superuser": false, "username": "kimberly.rangel", "first_name": "Kimberly", "last_name": "Rangel", "email": "kimberly.rangel@gmail.com", "is_staff": false, "is_active": true, "date_joined": "2016-09-14T04:57:34.802Z", "groups": [], "user_permissions": []}},
 {"model": "auth.user", "pk": 70, "fields": {"password": "", "last_login": null, "is_superuser": false, "username": "tyler.rodriguez", "first_name": "Tyler", "last_name": "Rodriguez", "email": "tyler.rodriguez@gmail.com", "is_staff": false, "is_active": true, "date_joined": "2016-09-14T04:57:34.830Z", "groups": [], "user_permissions": []}},
 {"model": "auth.user", "pk": 71, "fields": {"password": "", "last_login": null, "is_superuser": false, "username": "daniel.hebert", "first_name": "Daniel", "last_name": "Hebert", "email": "daniel.hebert@gmail.com", "is_staff": false, "is_active": true, "date_joined": "2016-09-14T04:57:34.855Z", "groups": [], "user_permissions": []}},
 {"model": "auth.user", "pk": 72, "fields": {"password": "", "last_login": null, "is_superuser": false, "username": "jose.martinez", "first_name": "Jose", "last_name": "Martinez", "email": "jose.martinez@gmail.com", "is_staff": false, "is_active": true, "date_joined": "2016-09-14T04:57:34.879Z", "groups": [], "user_permissions": []}},
 {"model": "auth.user", "pk": 73, "fields": {"password": "", "last_login": null, "is_superuser": false, "username": "vincent.woods", "first_name": "Vincent", "last_name": "Woods", "email": "vincent.woods@gmail.com", "is_staff": false, "is_active": true, "date_joined": "2016-09-14T04:57:34.904Z", "groups": [], "user_permissions": []}},
 {"model": "auth.user", "pk": 74, "fields": {"password": "", "last_login": null, "is_superuser": false, "username": "raymond.hamilton", "first_name": "Raymond", "last_name": "Hamilton", "email": "raymond.hamilton@gmail.com", "is_staff": false, "is_active": true, "date_joined": "2016-09-14T04:57:34.929Z", "groups": [], "user_permissions": []}},
 {"model": "auth.user", "pk": 75, "fields": {"password": "", "last_login": null, "is_superuser": false, "username": "rachel.jimenez", "first_name": "Rachel", "last_name": "Jimenez", "email": "rachel.jimenez@gmail.com", "is_staff": false, "is_active": true, "date_joined": "2016-09-14T04:57:34.952Z", "groups": [], "user_permissions": []}},
 {"model": "auth.user", "pk": 76, "fields": {"password": "", "last_login": null, "is_superuser": false, "username": "samuel.wiley", "first_name": "Samuel", "last_name": "Wiley", "email": "samuel.wiley@gmail.com", "is_staff": false, "is_active": true, "date_joined": "2016-09-14T04:57:34.976Z", "groups": [], "user_permissions": []}},
 {"model": "auth.user", "pk": 77, "fields": {"password": "", "last_login": null, "is_superuser": false, "username": "bryan.munoz", "first_name": "Bryan", "last_name": "Munoz", "email": "bryan.munoz@gmail.com", "is_staff": false, "is_active": true, "date_joined": "2016-09-14T04:57:35.003Z", "groups": [], "user_permissions": []}},
 {"model": "auth.user", "pk": 78, "fields": {"password": "", "last_login": null, "is_superuser": false, "username": "laura.adams", "first_name": "Laura", "last_name": "Adams", "email": "laura.adams@gmail.com", "is_staff": false, "is_active": true, "date_joined": "2016-09-14T04:57:35.026Z", "groups": [], "user_permissions": []}},
 {"model": "auth.user", "pk": 79, "fields": {"password": "", "last_login": null, "is_superuser": false, "username": "keith.lee", "first_name": "Keith", "last_name": "Lee", "email": "keith.lee@gmail.com", "is_staff": false, "is_active": true, "date_joined": "2016-09-14T04:57:35.049Z", "groups": [], "user_permissions": []}},
 {"model": "auth.user", "pk": 80, "fields": {"password": "", "last_login": null, "is_superuser": false, "username": "dennis.vazquez", "first_name": "Dennis", "last_name": "Vazquez", "email": "dennis.vazquez@gmail.com", "is_staff": false, "is_active": true, "date_joined": "2016-09-14T04:57:35.083Z", "groups": [], "user_permissions": []}},
 {"model": "auth.user", "pk": 81, "fields": {"password": "", "last_login": null, "is_superuser": false, "username": "debra.potts", "first_name": "Debra", "last_name": "Potts", "email": "debra.potts@gmail.com", "is_staff": false, "is_active": true, "date_joined": "2016-09-14T04:57:35.105Z", "groups": [], "user_permissions": []}},
 {"model": "auth.user", "pk": 82, "fields": {"password": "", "last_login": null, "is_superuser": false, "username": "michele.roberts", "first_name": "Michele", "last_name": "Roberts", "email": "michele.roberts@gmail.com", "is_staff": false, "is_active": true, "date_joined": "2016-09-14T04:57:35.128Z", "groups": [], "user_permissions": []}},
 {"model": "auth.user", "pk": 83, "fields": {"password": "", "last_login": null, "is_superuser": false, "username": "zachary.burnett", "first_name": "Zachary", "last_name": "Burnett", "email": "zachary.burnett@gmail.com", "is_staff": false, "is_active": true, "date_joined": "2016-09-14T04:57:35.151Z", "groups": [], "user_permissions": []}},
 {"model": "auth.user", "pk": 84, "fields": {"password": "", "last_login": null, "is_superuser": false, "username": "tyrone.castillo", "first_name": "Tyrone", "last_name": "Castillo", "email": "tyrone.castillo@gmail.com", "is_staff": false, "is_active": true, "date_joined": "2016-09-14T04:57:35.174Z", "groups": [], "user_permissions": []}},
 {"model": "auth.user", "pk": 85, "fields": {"password": "", "last_login": null, "is_superuser": false, "username": "matthew.king", "first_name": "Matthew", "last_name": "King", "email": "matthew.king@gmail.com", "is_staff": false, "is_active": true, "date_joined": "2016-09-14T04:57:35.197Z", "groups": [], "user_permissions": []}},
 {"model": "auth.user", "pk": 86, "fields": {"password": "", "last_login": null, "is_superuser": false, "username": "john.phelps", "first_name": "John", "last_name": "Phelps", "email": "john.phelps@gmail.com", "is_staff": false, "is_active": true, "date_joined": "2016-09-14T04:57:35.220Z", "groups": [], "user_permissions": []}},
 {"model": "auth.user", "pk": 87, "fields": {"password": "", "last_login": null, "is_superuser": false, "username": "anna.smith", "first_name": "Anna", "last_name": "Smith", "email": "anna.smith@gmail.com", "is_staff": false, "is_active": true, "date_joined": "2016-09-14T04:57:35.245Z", "groups": [], "user_permissions": []}},
 {"model": "auth.user", "pk": 88, "fields": {"password": "", "last_login": null, "is_superuser": false, "username": "ashley.owens", "first_name": "Ashley", "last_name": "Owens", "email": "ashley.owens@gmail.com", "is_staff": false, "is_active": true, "date_joined": "2016-09-14T04:57:35.269Z", "groups": [], "user_permissions": []}},
 {"model": "auth.user", "pk": 89, "fields": {"password": "", "last_login": null, "is_superuser": false, "username": "chase.saunders", "first_name": "Chase", "last_name": "Saunders", "email": "chase.saunders@gmail.com", "is_staff": false, "is_active": true, "date_joined": "2016-09-14T04:57:35.292Z", "groups": [], "user_permissions": []}},
 {"model": "auth.user", "pk": 90, "fields": {"password": "", "last_login": null, "is_superuser": false, "username": "justin.aguirre", "first_name": "Justin", "last_name": "Aguirre", "email": "justin.aguirre@gmail.com", "is_staff": false, "is_active": true, "date_joined": "2016-09-14T04:57:35.315Z", "groups": [], "user_permissions": []}},
 {"model": "auth.user", "pk": 91, "fields": {"password": "", "last_login": null, "is_superuser": false, "username": "mary.knox", "first_name": "Mary", "last_name": "Knox", "email": "mary.knox@gmail.com", "is_staff": false, "is_active": true, "date_joined": "2016-09-14T04:57:35.344Z", "groups": [], "user_permissions": []}},
 {"model": "auth.user", "pk": 92, "fields": {"password": "", "last_login": null, "is_superuser": false, "username": "stacie.harris", "first_name": "Stacie", "last_name": "Harris", "email": "stacie.harris@gmail.com", "is_staff": false, "is_active": true, "date_joined": "2016-09-14T04:57:35.366Z", "groups": [], "user_permissions": []}},
 {"model": "auth.user", "pk": 93, "fields": {"password": "", "last_login": null, "is_superuser": false, "username": "chad.henderson", "first_name": "Chad", "last_name": "Henderson", "email": "chad.henderson@gmail.com", "is_staff": false, "is_active": true, "date_joined": "2016-09-14T04:57:35.389Z", "groups": [], "user_permissions": []}},
 {"model": "auth.user", "pk": 94, "fields": {"password": "", "last_login": null, "is_superuser": false, "username": "brenda.farley", "first_name": "Brenda", "last_name": "Farley", "email": "brenda.farley@gmail.com", "is_staff": false, "is_active": true, "date_joined": "2016-09-14T04:57:35.412Z", "groups": [], "user_permissions": []}},
 {"model": "auth.user", "pk": 95, "fields": {"password": "", "last_login": null, "is_superuser": false, "username": "suzanne.weaver", "first_name": "Suzanne", "last_name": "Weaver", "email": "suzanne.weaver@gmail.com", "is_staff": false, "is_active": true, "date_joined": "2016-09-14T04:57:35.436Z", "groups": [], "user_permissions": []}},
 {"model": "auth.user", "pk": 96, "fields": {"password": "", "last_login": null, "is_superuser": false, "username": "aaron.vazquez", "first_name": "Aaron", "last_name": "Vazquez", "email": "aaron.vazquez@gmail.com", "is_staff": false, "is_active": true, "date_joined": "2016-09-14T04:57:35.459Z", "groups": [], "user_permissions": []}},
 {"model": "auth.user", "pk": 97, "fields": {"password": "", "last_login": null, "is_superuser": false, "username": "april.smith", "first_name": "April", "last_name": "Smith", "email": "april.smith@gmail.com", "is_staff": false, "is_active": true, "date_joined": "2016-09-14T04:57:35.483Z", "groups": [], "user_permissions": []}},
 {"model": "auth.user", "pk": 98, "fields": {"password": "", "last_login": null, "is_superuser": false, "username": "rachel.shaw", "first_name": "Rachel", "last_name": "Shaw", "email": "rachel.shaw@gmail.com", "is_staff": false, "is_active": true, "date_joined": "2016-09-14T04:57:35.505Z", "groups": [], "user_permissions": []}},
 {"model": "auth.user", "pk": 99, "fields": {"password": "", "last_login": null, "is_superuser": false, "username": "jennifer.thomas", "first_name": "Jennifer", "last_name": "Thomas", "email": "jennifer.thomas@gmail.com", "is_staff": false, "is_active": true, "date_joined": "2016-09-14T04:57:35.528Z", "groups": [], "user_permissions": []}},
 {"model": "auth.user", "pk": 100, "fields": {"password": "", "last_login": null, "is_superuser": false, "username": "bridget.macias", "first_name": "Bridget", "last_name": "Macias", "email": "bridget.macias@gmail.com", "is_staff": false, "is_active": true, "date_joined": "2016-09-14T04:57:35.551Z", "groups": [], "user_permissions": []}},
 {"model": "auth.user", "pk": 101, "fields": {"password": "", "last_login": null, "is_superuser": false, "username": "joseph.holland", "first_name": "Joseph", "last_name": "Holland", "email": "joseph.holland@gmail.com", "is_staff": false, "is_active": true, "date_joined": "2016-09-14T04:57:35.574Z", "groups": [], "user_permissions": []}},
 {"model": "users.profile", "pk": 1, "fields": {"user": 2, "state": "Delaware", "preferred_candidate": "Clinton", "second_candidate": "Trump", "_paired_with": null}},
 {"model": "users.profile", "pk": 2, "fields": {"user": 3, "state": "Georgia", "preferred_candidate": "Clinton", "second_candidate": "Trump", "_paired_with": null}},
 {"model": "users.profile", "pk": 3, "fields": {"user": 4, "state": "Montana", "preferred_candidate": "Johnson", "second_candidate": "Trump", "_paired_with": null}},
 {"model": "users.profile", "pk": 4, "fields": {"user": 5, "state": "New Jersey", "preferred_candidate": "Johnson", "second_candidate": "Stein", "_paired_with": null}},
 {"model": "users.profile", "pk": 5, "fields": {"user": 6, "state": "Florida", "preferred_candidate": "Stein", "second_candidate": "Trump", "_paired_with": null}},
 {"model": "users.profile", "pk": 6, "fields": {"user": 7, "state": "New Jersey", "preferred_candidate": "Johnson", "second_candidate": "Clinton", "_paired_with": null}},
 {"model": "users.profile", "pk": 7, "fields": {"user": 8, "state": "South Dakota", "preferred_candidate": "Johnson", "second_candidate": "Stein", "_paired_with": null}},
 {"model": "users.profile", "pk": 8, "fields": {"user": 9, "state": "North Dakota", "preferred_candidate": "Stein", "second_candidate": "Johnson", "_paired_with": null}},
 {"model": "users.profile", "pk": 9, "fields": {"user": 10, "state": "Oklahoma", "preferred_candidate": "Clinton", "second_candidate": "Johnson", "_paired_with": null}},
 {"model": "users.profile", "pk": 10, "fields": {"user": 11, "state": "West Virginia", "preferred_candidate": "Clinton", "second_candidate": "Stein", "_paired_with": null}},
 {"model": "users.profile", "pk": 11, "fields": {"user": 12, "state": "Tennessee", "preferred_candidate": "Stein", "second_candidate": "Johnson", "_paired_with": null}},
 {"model": "users.profile", "pk": 12, "fields": {"user": 13, "state": "Maine", "preferred_candidate": "Clinton", "second_candidate": "Trump", "_paired_with": null}},
 {"model": "users.profile", "pk": 13, "fields": {"user": 14, "state": "Maryland", "preferred_candidate": "Trump", "second_candidate": "Johnson", "_paired_with": null}},
 {"model": "users.profile", "pk": 14, "fields": {"user": 15, "state": "Wisconsin", "preferred_candidate": "Stein", "second_candidate": "Trump", "_paired_with": null}},
 {"model": "users.profile", "pk": 15, "fields": {"user": 16, "state": "North Carolina", "preferred_candidate": "Stein", "second_candidate": "Clinton", "_paired_with": null}},
 {"model": "users.profile", "pk": 16, "fields": {"user": 17, "state": "Colorado", "preferred_candidate": "Trump", "second_candidate": "Clinton", "_paired_with": null}},
 {"model": "users.profile", "pk": 17, "fields": {"user": 18, "state": "Kentucky", "preferred_candidate": "Stein", "second_candidate": "Trump", "_paired_with": null}},
 {"model": "users.profile", "pk": 18, "fields": {"user": 19, "state": "Kansas", "preferred_candidate": "Johnson", "second_candidate": "Clinton", "_paired_with": null}},
 {"model": "users.profile", "pk": 19, "fields": {"user": 20, "state": "Texas", "preferred_candidate": "Clinton", "second_candidate": "Johnson", "_paired_with": null}},
 {"model": "users.profile", "pk": 20, "fields": {"user": 21, "state": "New Hampshire", "preferred_candidate": "Trump", "second_candidate": "Clinton", "_paired_with": null}},
 {"model": "users.profile", "pk": 21, "fields": {"user": 22, "state": "Montana", "preferred_candidate": "Stein", "second_candidate": "Johnson", "_paired_with": null}},
 {"model": "users.profile", "pk": 22, "fields": {"user": 23, "state": "Georgia", "preferred_candidate": "Johnson", "second_candidate": "Trump", "_paired_with": null}},
 {"model": "users.profile", "pk": 23, "fields": {"user": 24, "state": "Tennessee", "preferred_candidate": "Johnson", "second_candidate": "Trump", "_paired_with": null}},
 {"model": "users.profile", "pk": 24, "fields": {"user": 25, "state": "Ohio", "preferred_candidate": "Clinton", "second_candidate": "Trump", "_paired_with": null}},
 {"model": "users.profile", "pk": 25, "fields": {"user": 26, "state": "Indiana", "preferred_candidate": "Johnson", "second_candidate": "Stein", "_paired_with": null}},
 {"model": "users.profile", "pk": 26, "fields": {"user": 27, "state": "Maryland", "preferred_candidate": "Stein", "second_candidate": "Trump", "_paired_with": null}},
 {"model": "users.profile", "pk": 27, "fields": {"user": 28, "state": "New Mexico", "preferred_candidate": "Johnson", "second_candidate": "Trump", "_paired_with": null}},
 {"model": "users.profile", "pk": 28, "fields": {"user": 29, "state": "Hawaii", "preferred_candidate": "Trump", "second_candidate": "Johnson", "_paired_with": null}},
 {"model": "users.profile", "pk": 29, "fields": {"user": 30, "state": "Indiana", "preferred_candidate": "Stein", "second_candidate": "Johnson", "_paired_with": null}},
 {"model": "users.profile", "pk": 30, "fields": {"user": 31, "state": "New York", "preferred_candidate": "Johnson", "second_candidate": "Trump", "_paired_with": null}},
 {"model": "users.profile", "pk": 31, "fields": {"user": 32, "state": "Montana", "preferred_candidate": "Johnson", "second_candidate": "Trump", "_paired_with": null}},
 {"model": "users.profile", "pk": 32, "fields": {"user": 33, "state": "Mississippi", "preferred_candidate": "Trump", "second_candidate": "Johnson", "_paired_with": null}},
 {"model": "users.profile", "pk": 33, "fields": {"user": 34, "state": "Oklahoma", "preferred_candidate": "Stein", "second_candidate": "Clinton", "_paired_with": null}},
 {"model": "users.profile", "pk": 34, "fields": {"user": 35, "state": "North Dakota", "preferred_candidate": "Trump", "second_candidate": "Clinton", "_paired_with": null}},
 {"model": "users.profile", "pk": 35, "fields": {"user": 36, "state": "Vermont", "preferred_candidate": "Johnson", "second_candidate": "Trump", "_paired_with": null}},
 {"model": "users.profile", "pk": 36, "fields": {"user": 37, "state": "Alabama", "preferred_candidate": "Clinton", "second_candidate": "Johnson", "_paired_with": null}},
 {"model": "users.profile", "pk": 37, "fields": {"user": 38, "state": "Pennsylvania", "preferred_candidate": "Johnson", "second_candidate": "Stein", "_paired_with": null}},
 {"model": "users.profile", "pk": 38, "fields": {"user": 39, "state": "Indiana", "preferred_candidate": "Johnson", "second_candidate": "Stein", "_paired_with": null}},
 {"model": "users.profile", "pk": 39, "fields": {"user": 40, "state": "Louisiana", "preferred_candidate": "Stein", "second_candidate": "Johnson", "_paired_with": null}},
 {"model": "users.profile", "pk": 40, "fields": {"user": 41, "state": "Alaska", "preferred_candidate": "Trump", "second_candidate": "Johnson", "_paired_with": null}},
 {"model": "users.profile", "pk": 41, "fields": {"user": 42, "state": "Maine", "preferred_candidate": "Johnson", "second_candidate": "Stein", "_paired_with": null}},
 {"model": "users.profile", "pk": 42, "fields": {"user": 43, "state": "Alabama", "preferred_candidate": "Stein", "second_candidate": "Trump", "_paired_with": null}},
 {"model": "users.profile", "pk": 43, "fields": {"user": 44, "state": "Washington", "preferred_candidate": "Johnson", "second_candidate": "Clinton", "_paired_with": null}},
 {"model": "users.profile", "pk": 44, "fields": {"user": 45, "state": "Utah", "preferred_candidate": "Johnson", "second_candidate": "Stein", "_paired_with": null}},
 {"model": "users.profile", "pk": 45, "fields": {"user": 46, "state": "Connecticut", "preferred_candidate": "Clinton", "second_candidate": "Stein", "_paired_with": null}},
 {"model": "users.profile", "pk": 46, "fields": {"user": 47, "state": "Georgia", "preferred_candidate": "Johnson", "second_candidate": "Clinton", "_paired_with": null}},
 {"model": "users.profile", "pk": 47, "fields": {"user": 48, "state": "Hawaii", "preferred_candidate": "Stein", "second_candidate": "Clinton", "_paired_with": null}},
 {"model": "users.profile", "pk": 48, "fields": {"user": 49, "state": "Indiana", "preferred_candidate": "Trump", "second_candidate": "Stein", "_paired_with": null}},
 {"model": "users.profile", "pk": 49, "fields": {"user": 50, "state": "Hawaii", "preferred_candidate": "Trump", "second_candidate": "Clinton", "_paired_with": null}},
 {"model": "users.profile", "pk": 50, "fields": {"user": 51, "state": "Texas", "preferred_candidate": "Stein", "second_candidate": "Clinton", "_paired_with": null}},
 {"model": "users.profile", "pk": 51, "fields": {"user": 52, "state": "Iowa", "preferred_candidate": "Trump", "second_candidate": "Clinton", "_paired_with": null}},
 {"model": "users.profile", "pk": 52, "fields": {"user": 53, "state": "Nebraska", "preferred_candidate": "Clinton", "second_candidate": "Johnson", "_paired_with": null}},
 {"model": "users.profile", "pk": 53, "fields": {"user": 54, "state": "North Carolina", "preferred_candidate": "Johnson", "second_candidate": "Clinton", "_paired_with": null}},
 {"model": "users.profile", "pk": 54, "fields": {"user": 55, "state": "North Carolina", "preferred_candidate": "Stein", "second_candidate": "Clinton", "_paired_with": null}},
 {"model": "users.profile", "pk": 55, "fields": {"user": 56, "state": "Colorado", "preferred_candidate": "Clinton", "second_candidate": "Johnson", "_paired_with": null}},
 {"model": "users.profile", "pk": 56, "fields": {"user": 57, "state": "Kansas", "preferred_candidate": "Stein", "second_candidate": "Clinton", "_paired_with": null}},
 {"model": "users.profile", "pk": 57, "fields": {"user": 58, "state": "Georgia", "preferred_candidate": "Clinton", "second_candidate": "Trump", "_paired_with": null}},
 {"model": "users.profile", "pk": 58, "fields": {"user": 59, "state": "Tennessee", "preferred_candidate": "Stein", "second_candidate": "Trump", "_paired_with": null}},
 {"model": "users.profile", "pk": 59, "fields": {"user": 60, "state": "Arizona", "preferred_candidate": "Clinton", "second_candidate": "Trump", "_paired_with": null}},
 {"model": "users.profile", "pk": 60, "fields": {"user": 61, "state": "New York", "preferred_candidate": "Stein", "second_candidate": "Clinton", "_paired_with": null}},
 {"model": "users.profile", "pk": 61, "fields": {"user": 62, "state": "Massachusetts", "preferred_candidate": "Trump", "second_candidate": "Clinton", "_paired_with": null}},
 {"model": "users.profile", "pk": 62, "fields": {"user": 63, "state": "Nevada", "preferred_candidate": "Trump", "second_candidate": "Johnson", "_paired_with": null}},
 {"model": "users.profile", "pk": 63, "fields": {"user": 64, "state": "New Hampshire", "preferred_candidate": "Johnson", "second_candidate": "Trump", "_paired_with": null}},
 {"model": "users.profile", "pk": 64, "fields": {"user": 65, "state": "Maryland", "preferred_candidate": "Stein", "second_candidate": "Clinton", "_paired_with": null}},
 {"model": "users.profile", "pk": 65, "fields": {"user": 66, "state": "Alaska", "preferred_candidate": "Trump", "second_candidate": "Clinton", "_paired_with": null}},
 {"model": "users.profile", "pk": 66, "fields": {"user": 67, "state": "Tennessee", "preferred_candidate": "Clinton", "second_candidate": "Trump", "_paired_with": null}},
 {"model": "users.profile", "pk": 67, "fields": {"user": 68, "state": "Michigan", "preferred_candidate": "Clinton", "second_candidate": "Johnson", "_paired_with": null}},
 {"model": "users.profile", "pk": 68, "fields": {"user": 69, "state": "West Virginia", "preferred_candidate": "Trump", "second_candidate": "Stein", "_paired_with": null}},
 {"model": "users.profile", "pk": 69, "fields": {"user": 70, "state": "Washington", "preferred_candidate": "Stein", "second_candidate": "Johnson", "_paired_with": null}},
 {"model": "users.profile", "pk": 70, "fields": {"user": 71, "state": "Ohio", "preferred_candidate": "Stein", "second_candidate": "Clinton", "_paired_with": null}},
 {"model": "users.profile", "pk": 71, "fields": {"user": 72, "state": "South Carolina", "preferred_candidate": "Stein", "second_candidate": "Johnson", "_paired_with": null}},
 {"model": "users.profile", "pk": 72, "fields": {"user": 73, "state": "Rhode Island", "preferred_candidate": "Clinton", "second_candidate": "Stein", "_paired_with": null}},
 {"model": "users.profile", "pk": 73, "fields": {"user": 74, "state": "Texas", "preferred_candidate": "Trump", "second_candidate": "Stein", "_paired_with": null}},
 {"model": "users.profile", "pk": 74, "fields": {"user": 75, "state": "Oklahoma", "preferred_candidate": "Stein", "second_candidate": "Trump", "_paired_with": null}},
 {"model": "users.profile", "pk": 75, "fields": {"user": 76, "state": "Wisconsin", "preferred_candidate": "Johnson", "second_candidate": "Clinton", "_paired_with": null}},
 {"model": "users.profile", "pk": 76, "fields": {"user": 77, "state": "District of Columbia", "preferred_candidate": "Trump", "second_candidate": "Johnson", "_paired_with": null}},
 {"model": "users.profile", "pk": 77, "fields": {"user": 78, "state": "Delaware", "preferred_candidate": "Clinton", "second_candidate": "Trump", "_paired_with": null}},
 {"model": "users.profile", "pk": 78, "fields": {"user": 79, "state": "Florida", "preferred_candidate": "Trump", "second_candidate": "Stein", "_paired_with": null}},
 {"model": "users.profile", "pk": 79, "fields": {"user": 80, "state": "New York", "preferred_candidate": "Clinton", "second_candidate": "Stein", "_paired_with": null}},
 {"model": "users.profile", "pk": 80, "fields": {"user": 81, "state": "Ohio", "preferred_candidate": "Clinton", "second_candidate": "Johnson", "_paired_with": null}},
 {"model": "users.profile", "pk": 81, "fields": {"user": 82, "state": "West Virginia", "preferred_candidate": "Clinton", "second_candidate": "Stein", "_paired_with": null}},
 {"model": "users.profile", "pk": 82, "fields": {"user": 83, "state": "Arkansas", "preferred_candidate": "Clinton", "second_candidate": "Stein", "_paired_with": null}},
 {"model": "users.profile", "pk": 83, "fields": {"user": 84, "state": "North Dakota", "preferred_candidate": "Clinton", "second_candidate": "Stein", "_paired_with": null}},
 {"model": "users.profile", "pk": 84, "fields": {"user": 85, "state": "Kansas", "preferred_candidate": "Johnson", "second_candidate": "Clinton", "_paired_with": null}},
 {"model": "users.profile", "pk": 85, "fields": {"user": 86, "state": "Washington", "preferred_candidate": "Trump", "second_candidate": "Clinton", "_paired_with": null}},
 {"model": "users.profile", "pk": 86, "fields": {"user": 87, "state": "Massachusetts", "preferred_candidate": "Johnson", "second_candidate": "Stein", "_paired_with": null}},
 {"model": "users.profile", "pk": 87, "fields": {"user": 88, "state": "Maryland", "preferred_candidate": "Stein", "second_candidate": "Trump", "_paired_with": null}},
 {"model": "users.profile", "pk": 88, "fields": {"user": 89, "state": "Washington", "preferred_candidate": "Johnson", "second_candidate": "Trump", "_paired_with": null}},
 {"model": "users.profile", "pk": 89, "fields": {"user": 90, "state": "California", "preferred_candidate": "Johnson", "second_candidate": "Trump", "_paired_with": null}},
 {"model": "users.profile", "pk": 90, "fields": {"user": 91, "state": "Idaho", "preferred_candidate": "Johnson", "second_candidate": "Stein", "_paired_with": null}},
 {"model": "users.profile", "pk": 91, "fields": {"user": 92, "state": "Pennsylvania", "preferred_candidate": "Stein", "second_candidate": "Trump", "_paired_with": null}},
 {"model": "users.profile", "pk": 92, "fields": {"user": 93, "state": "Missouri", "preferred_candidate": "Stein", "second_candidate": "Trump", "_paired_with": null}},
 {"model": "users.profile", "pk": 93, "fields": {"user": 94, "state": "New Jersey", "preferred_candidate": "Stein", "second_candidate": "Johnson", "_paired_with": null}},
 {"model": "users.profile", "pk": 94, "fields": {"user": 95, "state": "Vermont", "preferred_candidate": "Johnson", "second_candidate": "Stein", "_paired_with": null}},
 {"model": "users.profile", "pk": 95, "fields": {"user": 96, "state": "Louisiana", "preferred_candidate": "Stein", "second_candidate": "Johnson", "_paired_with": null}},
 {"model": "users.profile", "pk": 96, "fields": {"user": 97, "state": "Washington", "preferred_candidate": "Stein", "second_candidate": "Johnson", "_paired_with": null}},
 {"model": "users.profile", "pk": 97, "fields": {"user": 98, "state": "Oklahoma", "preferred_candidate": "Johnson", "second_candidate": "Clinton", "_paired_with": null}},
 {"model": "users.profile", "pk": 98, "fields": {"user": 99, "state": "Arkansas", "preferred_candidate": "Johnson", "second_candidate": "Stein", "_paired_with": null}},
 {"model": "users.profile", "pk": 99, "fields": {"user": 100, "state": "Ohio", "preferred_candidate": "Trump", "second_candidate": "Johnson", "_paired_with": null}},
 {"model": "users.profile", "pk": 100, "fields": {"user": 101, "state": "Idaho", "preferred_candidate": "Stein", "second_candidate": "Johnson", "_paired_with": null}}]
