[{"model": "contenttypes.contenttype", "pk": 1, "fields": {"app_label": "admin", "model": "logentry"}},
 {"model": "contenttypes.contenttype", "pk": 2, "fields": {"app_label": "auth", "model": "permission"}},
 {"model": "contenttypes.contenttype", "pk": 3, "fields": {"app_label": "auth", "model": "group"}},
 {"model": "contenttypes.contenttype", "pk": 4, "fields": {"app_label": "auth", "model": "user"}},
 {"model": "contenttypes.contenttype", "pk": 5, "fields": {"app_label": "contenttypes", "model": "contenttype"}},
 {"model": "contenttypes.contenttype", "pk": 6, "fields": {"app_label": "sessions", "model": "session"}},
 {"model": "contenttypes.contenttype", "pk": 7, "fields": {"app_label": "social_auth", "model": "usersocialauth"}},
 {"model": "contenttypes.contenttype", "pk": 8, "fields": {"app_label": "social_auth", "model": "nonce"}},
 {"model": "contenttypes.contenttype", "pk": 9, "fields": {"app_label": "social_auth", "model": "association"}},
 {"model": "contenttypes.contenttype", "pk": 10, "fields": {"app_label": "social_auth", "model": "code"}},
 {"model": "contenttypes.contenttype", "pk": 11, "fields": {"app_label": "polling", "model": "state"}},
 {"model": "contenttypes.contenttype", "pk": 12, "fields": {"app_label": "users", "model": "pairproposal"}},
 {"model": "contenttypes.contenttype", "pk": 13, "fields": {"app_label": "users", "model": "signuplog"}},
 {"model": "contenttypes.contenttype", "pk": 14, "fields": {"app_label": "users", "model": "profile"}},
 {"model": "polling.state", "pk": 1, "fields": {"name": "Alabama", "updated": "2016-09-29T00:00:00Z", "abbv": "AL", "tipping_point_rank": -1, "safe_for": "Trump", "safe_rank": 5, "leans": "", "lean_rank": -1}},
 {"model": "polling.state", "pk": 2, "fields": {"name": "Alaska", "updated": "2016-09-29T00:00:00Z", "abbv": "AK", "tipping_point_rank": -1, "safe_for": "Trump", "safe_rank": 17, "leans": "", "lean_rank": -1}},
 {"model": "polling.state", "pk": 3, "fields": {"name": "Arizona", "updated": "2016-09-29T00:00:00Z", "abbv": "AZ", "tipping_point_rank": -1, "safe_for": "Trump", "safe_rank": 23, "leans": "", "lean_rank": -1}},
 {"model": "polling.state", "pk": 4, "fields": {"name": "Arkansas", "updated": "2016-09-29T00:00:00Z", "abbv": "AR", "tipping_point_rank": -1, "safe_for": "Trump", "safe_rank": 7, "leans": "", "lean_rank": -1}},
 {"model": "polling.state", "pk": 5, "fields": {"name": "California", "updated": "2016-09-29T00:00:00Z", "abbv": "CA", "tipping_point_rank": -1, "safe_for": "Clinton", "safe_rank": 5, "leans": "", "lean_rank": -1}},
 {"model": "polling.state", "pk": 6, "fields": {"name": "Colorado", "updated": "2016-09-29T00:00:00Z", "abbv": "CO", "tipping_point_rank": 6, "safe_for": "", "safe_rank": -1, "leans": "Clinton", "lean_rank": -1}},
 {"model": "polling.state", "pk": 7, "fields": {"name": "Connecticut", "updated": "2016-09-29T00:00:00Z", "abbv": "CT", "tipping_point_rank": -1, "safe_for": "Clinton", "safe_rank": 10, "leans": "", "lean_rank": -1}},
 {"model": "polling.state", "pk": 8, "fields": {"name": "Delaware", "updated": "2016-09-29T00:00:00Z", "abbv": "DE", "tipping_point_rank": -1, "safe_for": "Clinton", "safe_rank": 13, "leans": "", "lean_rank": -1}},
 {"model": "polling.state", "pk": 9, "fields": {"name": "District of Columbia", "updated": "2016-09-29T00:00:00Z", "abbv": "DC", "tipping_point_rank": -1, "safe_for": "Clinton", "safe_rank": 1, "leans": "", "lean_rank": -1}},
 {"model": "polling.state", "pk": 10, "fields": {"name": "Florida", "updated": "2016-09-29T00:00:00Z", "abbv": "FL", "tipping_point_rank": 1, "safe_for": "", "safe_rank": -1, "leans": "Clinton", "lean_rank": -1}},
 {"model": "polling.state", "pk": 11, "fields": {"name": "Georgia", "updated": "2016-09-29T00:00:00Z", "abbv": "GA", "tipping_point_rank": -1, "safe_for": "Trump", "safe_rank": 22, "leans": "", "lean_rank": -1}},
 {"model": "polling.state", "pk": 12, "fields": {"name": "Hawaii", "updated": "2016-09-29T00:00:00Z", "abbv": "HI", "tipping_point_rank": -1, "safe_for": "Clinton", "safe_rank": 2, "leans": "", "lean_rank": -1}},
 {"model": "polling.state", "pk": 13, "fields": {"name": "Idaho", "updated": "2016-09-29T00:00:00Z", "abbv": "ID", "tipping_point_rank": -1, "safe_for": "Trump", "safe_rank": 2, "leans": "", "lean_rank": -1}},
 {"model": "polling.state", "pk": 14, "fields": {"name": "Illinois", "updated": "2016-09-29T00:00:00Z", "abbv": "IL", "tipping_point_rank": -1, "safe_for": "Clinton", "safe_rank": 8, "leans": "", "lean_rank": -1}},
 {"model": "polling.state", "pk": 15, "fields": {"name": "Indiana", "updated": "2016-09-29T00:00:00Z", "abbv": "IN", "tipping_point_rank": -1, "safe_for": "Trump", "safe_rank": 18, "leans": "", "lean_rank": -1}},
 {"model": "polling.state", "pk": 16, "fields": {"name": "Iowa", "updated": "2016-09-29T00:00:00Z", "abbv": "IA", "tipping_point_rank": -1, "safe_for": "Trump", "safe_rank": 24, "leans": "", "lean_rank": -1}},
 {"model": "polling.state", "pk": 17, "fields": {"name": "Kansas", "updated": "2016-09-29T00:00:00Z", "abbv": "KS", "tipping_point_rank": -1, "safe_for": "Trump", "safe_rank": 15, "leans": "", "lean_rank": -1}},
 {"model": "polling.state", "pk": 18, "fields": {"name": "Kentucky", "updated": "2016-09-29T00:00:00Z", "abbv": "KY", "tipping_point_rank": -1, "safe_for": "Trump", "safe_rank": 11, "leans": "", "lean_rank": -1}},
 {"model": "polling.state", "pk": 19, "fields": {"name": "Louisiana", "updated": "2016-09-29T00:00:00Z", "abbv": "LA", "tipping_point_rank": -1, "safe_for": "Trump", "safe_rank": 13, "leans": "", "lean_rank": -1}},
 {"model": "polling.state", "pk": 20, "fields": {"name": "Maine", "updated": "2016-09-29T00:00:00Z", "abbv": "ME", "tipping_point_rank": -1, "safe_for": "Clinton", "safe_rank": 16, "leans": "", "lean_rank": -1}},
 {"model": "polling.state", "pk": 21, "fields": {"name": "Maryland", "updated": "2016-09-29T00:00:00Z", "abbv": "MD", "tipping_point_rank": -1, "safe_for": "Clinton", "safe_rank": 3, "leans": "", "lean_rank": -1}},
 {"model": "polling.state", "pk": 22, "fields": {"name": "Massachusetts", "updated": "2016-09-29T00:00:00Z", "abbv": "MA", "tipping_point_rank": -1, "safe_for": "Clinton", "safe_rank": 6, "leans": "", "lean_rank": -1}},
 {"model": "polling.state", "pk": 23, "fields": {"name": "Michigan", "updated": "2016-09-29T00:00:00Z", "abbv": "MI", "tipping_point_rank": 3, "safe_for": "", "safe_rank": -1, "leans": "Clinton", "lean_rank": -1}},
 {"model": "polling.state", "pk": 24, "fields": {"name": "Minnesota", "updated": "2016-09-29T00:00:00Z", "abbv": "MN", "tipping_point_rank": 9, "safe_for": "", "safe_rank": -1, "leans": "Clinton", "lean_rank": -1}},
 {"model": "polling.state", "pk": 25, "fields": {"name": "Mississippi", "updated": "2016-09-29T00:00:00Z", "abbv": "MS", "tipping_point_rank": -1, "safe_for": "Trump", "safe_rank": 12, "leans": "", "lean_rank": -1}},
 {"model": "polling.state", "pk": 26, "fields": {"name": "Missouri", "updated": "2016-09-29T00:00:00Z", "abbv": "MO", "tipping_point_rank": -1, "safe_for": "Trump", "safe_rank": 21, "leans": "", "lean_rank": -1}},
 {"model": "polling.state", "pk": 27, "fields": {"name": "Montana", "updated": "2016-09-29T00:00:00Z", "abbv": "MT", "tipping_point_rank": -1, "safe_for": "Trump", "safe_rank": 16, "leans": "", "lean_rank": -1}},
 {"model": "polling.state", "pk": 28, "fields": {"name": "Nebraska", "updated": "2016-09-29T00:00:00Z", "abbv": "NE", "tipping_point_rank": -1, "safe_for": "Trump", "safe_rank": 6, "leans": "", "lean_rank": -1}},
 {"model": "polling.state", "pk": 29, "fields": {"name": "Nevada", "updated": "2016-09-29T00:00:00Z", "abbv": "NV", "tipping_point_rank": 10, "safe_for": "", "safe_rank": -1, "leans": "Clinton", "lean_rank": -1}},
 {"model": "polling.state", "pk": 30, "fields": {"name": "New Hampshire", "updated": "2016-09-29T00:00:00Z", "abbv": "NH", "tipping_point_rank": 11, "safe_for": "", "safe_rank": -1, "leans": "Clinton", "lean_rank": -1}},
 {"model": "polling.state", "pk": 31, "fields": {"name": "New Jersey", "updated": "2016-09-29T00:00:00Z", "abbv": "NJ", "tipping_point_rank": -1, "safe_for": "Clinton", "safe_rank": 14, "leans": "", "lean_rank": -1}},
 {"model": "polling.state", "pk": 32, "fields": {"name": "New Mexico", "updated": "2016-09-29T00:00:00Z", "abbv": "NM", "tipping_point_rank": -1, "safe_for": "Clinton", "safe_rank": 15, "leans": "", "lean_rank": -1}},
 {"model": "polling.state", "pk": 33, "fields": {"name": "New York", "updated": "2016-09-29T00:00:00Z", "abbv": "NY", "tipping_point_rank": -1, "safe_for": "Clinton", "safe_rank": 7, "leans": "", "lean_rank": -1}},
 {"model": "polling.state", "pk": 34, "fields": {"name": "North Carolina", "updated": "2016-09-29T00:00:00Z", "abbv": "NC", "tipping_point_rank": 4, "safe_for": "", "safe_rank": -1, "leans": "Trump", "lean_rank": -1}},
 {"model": "polling.state", "pk": 35, "fields": {"name": "North Dakota", "updated": "2016-09-29T00:00:00Z", "abbv": "ND", "tipping_point_rank": -1, "safe_for": "Trump", "safe_rank": 9, "leans": "", "lean_rank": -1}},
 {"model": "polling.state", "pk": 36, "fields": {"name": "Ohio", "updated": "2016-09-29T00:00:00Z", "abbv": "OH", "tipping_point_rank": 5, "safe_for": "", "safe_rank": -1, "leans": "Trump", "lean_rank": -1}},
 {"model": "polling.state", "pk": 37, "fields": {"name": "Oklahoma", "updated": "2016-09-29T00:00:00Z", "abbv": "OK", "tipping_point_rank": -1, "safe_for": "Trump", "safe_rank": 3, "leans": "", "lean_rank": -1}},
 {"model": "polling.state", "pk": 38, "fields": {"name": "Oregon", "updated": "2016-09-29T00:00:00Z", "abbv": "OR", "tipping_point_rank": -1, "safe_for": "Clinton", "safe_rank": 12, "leans": "", "lean_rank": -1}},
 {"model": "polling.state", "pk": 39, "fields": {"name": "Pennsylvania", "updated": "2016-09-29T00:00:00Z", "abbv": "PA", "tipping_point_rank": 2, "safe_for": "", "safe_rank": -1, "leans": "Clinton", "lean_rank": -1}},
 {"model": "polling.state", "pk": 40, "fields": {"name": "Rhode Island", "updated": "2016-09-29T00:00:00Z", "abbv": "RI", "tipping_point_rank": -1, "safe_for": "Clinton", "safe_rank": 9, "leans": "", "lean_rank": -1}},
 {"model": "polling.state", "pk": 41, "fields": {"name": "South Carolina", "updated": "2016-09-29T00:00:00Z", "abbv": "SC", "tipping_point_rank": -1, "safe_for": "Trump", "safe_rank": 20, "leans": "", "lean_rank": -1}},
 {"model": "polling.state", "pk": 42, "fields": {"name": "South Dakota", "updated": "2016-09-29T00:00:00Z", "abbv": "SD", "tipping_point_rank": -1, "safe_for": "Trump", "safe_rank": 14, "leans": "", "lean_rank": -1}},
 {"model": "polling.state", "pk": 43, "fields": {"name": "Tennessee", "updated": "2016-09-29T00:00:00Z", "abbv": "TN", "tipping_point_rank": -1, "safe_for": "Trump", "safe_rank": 8, "leans": "", "lean_rank": -1}},
 {"model": "polling.state", "pk": 44, "fields": {"name": "Texas", "updated": "2016-09-29T00:00:00Z", "abbv": "TX", "tipping_point_rank": -1, "safe_for": "Trump", "safe_rank": 19, "leans": "", "lean_rank": -1}},
 {"model": "polling.state", "pk": 45, "fields": {"name": "Utah", "updated": "2016-09-29T00:00:00Z", "abbv": "UT", "tipping_point_rank": -1, "safe_for": "Trump", "safe_rank": 10, "leans": "", "lean_rank": -1}},
 {"model": "polling.state", "pk": 46, "fields": {"name": "Vermont", "updated": "2016-09-29T00:00:00Z", "abbv": "VT", "tipping_point_rank": -1, "safe_for": "Clinton", "safe_rank": 4, "leans": "", "lean_rank": -1}},
 {"model": "polling.state", "pk": 47, "fields": {"name": "Virginia", "updated": "2016-09-29T00:00:00Z", "abbv": "VA", "tipping_point_rank": 7, "safe_for": "", "safe_rank": -1, "leans": "Clinton", "lean_rank": -1}},
 {"model": "polling.state", "pk": 48, "fields": {"name": "Washington", "updated": "2016-09-29T00:00:00Z", "abbv": "WA", "tipping_point_rank": -1, "safe_for": "Clinton", "safe_rank": 11, "leans": "", "lean_rank": -1}},
 {"model": "polling.state", "pk": 49, "fields": {"name": "West Virginia", "updated": "2016-09-29T00:00:00Z", "abbv": "WV", "tipping_point_rank": -1, "safe_for": "Trump", "safe_rank": 4, "leans": "", "lean_rank": -1}},
 {"model": "polling.state", "pk": 50, "fields": {"name": "Wisconsin", "updated": "2016-09-29T00:00:00Z", "abbv": "WI", "tipping_point_rank": 8, "safe_for": "", "safe_rank": -1, "leans": "Clinton", "lean_rank": -1}},
 {"model": "polling.state", "pk": 51, "fields": {"name": "Wyoming", "updated": "2016-09-29T00:00:00Z", "abbv": "WY", "tipping_point_rank": -1, "safe_for": "Trump", "safe_rank": 1, "leans": "", "lean_rank": -1}},
 {"model": "auth.permission", "pk": 1, "fields": {"name": "Can add log entry", "content_type": 1, "codename": "add_logentry"}},
 {"model": "auth.permission", "pk": 2, "fields": {"name": "Can change log entry", "content_type": 1, "codename": "change_logentry"}},
 {"model": "auth.permission", "pk": 3, "fields": {"name": "Can delete log entry", "content_type": 1, "codename": "delete_logentry"}},
 {"model": "auth.permission", "pk": 4, "fields": {"name": "Can add permission", "content_type": 2, "codename": "add_permission"}},
 {"model": "auth.permission", "pk": 5, "fields": {"name": "Can change permission", "content_type": 2, "codename": "change_permission"}},
 {"model": "auth.permission", "pk": 6, "fields": {"name": "Can delete permission", "content_type": 2, "codename": "delete_permission"}},
 {"model": "auth.permission", "pk": 7, "fields": {"name": "Can add group", "content_type": 3, "codename": "add_group"}},
 {"model": "auth.permission", "pk": 8, "fields": {"name": "Can change group", "content_type": 3, "codename": "change_group"}},
 {"model": "auth.permission", "pk": 9, "fields": {"name": "Can delete group", "content_type": 3, "codename": "delete_group"}},
 {"model": "auth.permission", "pk": 10, "fields": {"name": "Can add user", "content_type": 4, "codename": "add_user"}},
 {"model": "auth.permission", "pk": 11, "fields": {"name": "Can change user", "content_type": 4, "codename": "change_user"}},
 {"model": "auth.permission", "pk": 12, "fields": {"name": "Can delete user", "content_type": 4, "codename": "delete_user"}},
 {"model": "auth.permission", "pk": 13, "fields": {"name": "Can add content type", "content_type": 5, "codename": "add_contenttype"}},
 {"model": "auth.permission", "pk": 14, "fields": {"name": "Can change content type", "content_type": 5, "codename": "change_contenttype"}},
 {"model": "auth.permission", "pk": 15, "fields": {"name": "Can delete content type", "content_type": 5, "codename": "delete_contenttype"}},
 {"model": "auth.permission", "pk": 16, "fields": {"name": "Can add session", "content_type": 6, "codename": "add_session"}},
 {"model": "auth.permission", "pk": 17, "fields": {"name": "Can change session", "content_type": 6, "codename": "change_session"}},
 {"model": "auth.permission", "pk": 18, "fields": {"name": "Can delete session", "content_type": 6, "codename": "delete_session"}},
 {"model": "auth.permission", "pk": 19, "fields": {"name": "Can add user social auth", "content_type": 7, "codename": "add_usersocialauth"}},
 {"model": "auth.permission", "pk": 20, "fields": {"name": "Can change user social auth", "content_type": 7, "codename": "change_usersocialauth"}},
 {"model": "auth.permission", "pk": 21, "fields": {"name": "Can delete user social auth", "content_type": 7, "codename": "delete_usersocialauth"}},
 {"model": "auth.permission", "pk": 22, "fields": {"name": "Can add nonce", "content_type": 8, "codename": "add_nonce"}},
 {"model": "auth.permission", "pk": 23, "fields": {"name": "Can change nonce", "content_type": 8, "codename": "change_nonce"}},
 {"model": "auth.permission", "pk": 24, "fields": {"name": "Can delete nonce", "content_type": 8, "codename": "delete_nonce"}},
 {"model": "auth.permission", "pk": 25, "fields": {"name": "Can add association", "content_type": 9, "codename": "add_association"}},
 {"model": "auth.permission", "pk": 26, "fields": {"name": "Can change association", "content_type": 9, "codename": "change_association"}},
 {"model": "auth.permission", "pk": 27, "fields": {"name": "Can delete association", "content_type": 9, "codename": "delete_association"}},
 {"model": "auth.permission", "pk": 28, "fields": {"name": "Can add code", "content_type": 10, "codename": "add_code"}},
 {"model": "auth.permission", "pk": 29, "fields": {"name": "Can change code", "content_type": 10, "codename": "change_code"}},
 {"model": "auth.permission", "pk": 30, "fields": {"name": "Can delete code", "content_type": 10, "codename": "delete_code"}},
 {"model": "auth.permission", "pk": 31, "fields": {"name": "Can add state", "content_type": 11, "codename": "add_state"}},
 {"model": "auth.permission", "pk": 32, "fields": {"name": "Can change state", "content_type": 11, "codename": "change_state"}},
 {"model": "auth.permission", "pk": 33, "fields": {"name": "Can delete state", "content_type": 11, "codename": "delete_state"}},
 {"model": "auth.permission", "pk": 34, "fields": {"name": "Can add pair proposal", "content_type": 12, "codename": "add_pairproposal"}},
 {"model": "auth.permission", "pk": 35, "fields": {"name": "Can change pair proposal", "content_type": 12, "codename": "change_pairproposal"}},
 {"model": "auth.permission", "pk": 36, "fields": {"name": "Can delete pair proposal", "content_type": 12, "codename": "delete_pairproposal"}},
 {"model": "auth.permission", "pk": 37, "fields": {"name": "Can add sign up log", "content_type": 13, "codename": "add_signuplog"}},
 {"model": "auth.permission", "pk": 38, "fields": {"name": "Can change sign up log", "content_type": 13, "codename": "change_signuplog"}},
 {"model": "auth.permission", "pk": 39, "fields": {"name": "Can delete sign up log", "content_type": 13, "codename": "delete_signuplog"}},
 {"model": "auth.permission", "pk": 40, "fields": {"name": "Can add profile", "content_type": 14, "codename": "add_profile"}},
 {"model": "auth.permission", "pk": 41, "fields": {"name": "Can change profile", "content_type": 14, "codename": "change_profile"}},
 {"model": "auth.permission", "pk": 42, "fields": {"name": "Can delete profile", "content_type": 14, "codename": "delete_profile"}},
 {"model": "auth.user", "pk": 1, "fields": {"password": "pbkdf2_sha256$24000$o8q1lOZhntBn$rRtCMUk+DdQ6/Y2VdTzDPctOLI6NYgS1JjesLwt5rnE=", "last_login": null, "is_superuser": true, "username": "admin", "first_name": "", "last_name": "", "email": "admin@voteswap.us", "is_staff": true, "is_active": true, "date_joined": "2016-10-20T01:05:02.279Z", "groups": [], "user_permissions": []}},
 {"model": "auth.user", "pk": 2, "fields": {"password": "", "last_login": null, "is_superuser": false, "username": "mary.woodard.0", "first_name": "Mary", "last_name": "Woodard", "email": "mary.woodard.0@gmail.com", "is_staff": false, "is_active": true, "date_joined": "2016-10-20T01:05:04.791Z", "groups": [], "user_permissions": []}},
 {"model": "auth.user", "pk": 3, "fields": {"password": "", "last_login": null, "is_superuser": false, "username": "madeline.chavez.1", "first_name": "Madeline", "last_name": "Chavez", "email": "madeline.chavez.1@gmail.com", "is_staff": false, "is_active": true, "date_joined": "2016-10-20T01:05:04.848Z", "groups": [], "user_permissions": []}},
 {"model": "auth.user", "pk": 4, "fields": {"password": "", "last_login": null, "is_superuser": false, "username": "daniel.mccoy.2", "first_name": "Daniel", "last_name": "Mccoy", "email": "daniel.mccoy.2@gmail.com", "is_staff": false, "is_active": true, "date_joined": "2016-10-20T01:05:04.921Z", "groups": [], "user_permissions": []}},
 {"model": "auth.user", "pk": 5, "fields": {"password": "", "last_login": null, "is_superuser": false, "username": "sean.johnson.3", "first_name": "Sean", "last_name": "Johnson", "email": "sean.johnson.3@gmail.com", "is_staff": false, "is_active": true, "date_joined": "2016-10-20T01:05:04.979Z", "groups": [], "user_permissions": []}},
 {"model": "auth.user", "pk": 6, "fields": {"password": "", "last_login": null, "is_superuser": false, "username": "jodi.morgan.4", "first_name": "Jodi", "last_name": "Morgan", "email": "jodi.morgan.4@gmail.com", "is_staff": false, "is_active": true, "date_joined": "2016-10-20T01:05:05.044Z", "groups": [], "user_permissions": []}},
 {"model": "auth.user", "pk": 7, "fields": {"password": "", "last_login": null, "is_superuser": false, "username": "jennifer.rodriguez.5", "first_name": "Jennifer", "last_name": "Rodriguez", "email": "jennifer.rodriguez.5@gmail.com", "is_staff": false, "is_active": true, "date_joined": "2016-10-20T01:05:05.109Z", "groups": [], "user_permissions": []}},
 {"model": "auth.user", "pk": 8, "fields": {"password": "", "last_login": null, "is_superuser": false, "username": "beth.smith.6", "first_name": "Beth", "last_name": "Smith", "email": "beth.smith.6@gmail.com", "is_staff": false, "is_active": true, "date_joined": "2016-10-20T01:05:05.164Z", "groups": [], "user_permissions": []}},
 {"model": "auth.user", "pk": 9, "fields": {"password": "", "last_login": null, "is_superuser": false, "username": "denise.bryant.7", "first_name": "Denise", "last_name": "Bryant", "email": "denise.bryant.7@gmail.com", "is_staff": false, "is_active": true, "date_joined": "2016-10-20T01:05:05.217Z", "groups": [], "user_permissions": []}},
 {"model": "auth.user", "pk": 10, "fields": {"password": "", "last_login": null, "is_superuser": false, "username": "richard.villa.8", "first_name": "Richard", "last_name": "Villa", "email": "richard.villa.8@gmail.com", "is_staff": false, "is_active": true, "date_joined": "2016-10-20T01:05:05.271Z", "groups": [], "user_permissions": []}},
 {"model": "auth.user", "pk": 11, "fields": {"password": "", "last_login": null, "is_superuser": false, "username": "rebecca.west.9", "first_name": "Rebecca", "last_name": "West", "email": "rebecca.west.9@gmail.com", "is_staff": false, "is_active": true, "date_joined": "2016-10-20T01:05:05.327Z", "groups": [], "user_permissions": []}},
 {"model": "auth.user", "pk": 12, "fields": {"password": "", "last_login": null, "is_superuser": false, "username": "katrina.perez.10", "first_name": "Katrina", "last_name": "Perez", "email": "katrina.perez.10@gmail.com", "is_staff": false, "is_active": true, "date_joined": "2016-10-20T01:05:05.386Z", "groups": [], "user_permissions": []}},
 {"model": "auth.user", "pk": 13, "fields": {"password": "", "last_login": null, "is_superuser": false, "username": "john.anderson.11", "first_name": "John", "last_name": "Anderson", "email": "john.anderson.11@gmail.com", "is_staff": false, "is_active": true, "date_joined": "2016-10-20T01:05:05.448Z", "groups": [], "user_permissions": []}},
 {"model": "auth.user", "pk": 14, "fields": {"password": "", "last_login": null, "is_superuser": false, "username": "carlos.wilson.12", "first_name": "Carlos", "last_name": "Wilson", "email": "carlos.wilson.12@gmail.com", "is_staff": false, "is_active": true, "date_joined": "2016-10-20T01:05:05.505Z", "groups": [], "user_permissions": []}},
 {"model": "auth.user", "pk": 15, "fields": {"password": "", "last_login": null, "is_superuser": false, "username": "mary.romero.13", "first_name": "Mary", "last_name": "Romero", "email": "mary.romero.13@gmail.com", "is_staff": false, "is_active": true, "date_joined": "2016-10-20T01:05:05.561Z", "groups": [], "user_permissions": []}},
 {"model": "auth.user", "pk": 16, "fields": {"password": "", "last_login": null, "is_superuser": false, "username": "james.collier.14", "first_name": "James", "last_name": "Collier", "email": "james.collier.14@gmail.com", "is_staff": false, "is_active": true, "date_joined": "2016-10-20T01:05:05.621Z", "groups": [], "user_permissions": []}},
 {"model": "auth.user", "pk": 17, "fields": {"password": "", "last_login": null, "is_superuser": false, "username": "adam.rivers.15", "first_name": "Adam", "last_name": "Rivers", "email": "adam.rivers.15@gmail.com", "is_staff": false, "is_active": true, "date_joined": "2016-10-20T01:05:05.676Z", "groups": [], "user_permissions": []}},
 {"model": "auth.user", "pk": 18, "fields": {"password": "", "last_login": null, "is_superuser": false, "username": "jenna.wolf.16", "first_name": "Jenna", "last_name": "Wolf", "email": "jenna.wolf.16@gmail.com", "is_staff": false, "is_active": true, "date_joined": "2016-10-20T01:05:05.736Z", "groups": [], "user_permissions": []}},
 {"model": "auth.user", "pk": 19, "fields": {"password": "", "last_login": null, "is_superuser": false, "username": "angela.nelson.17", "first_name": "Angela", "last_name": "Nelson", "email": "angela.nelson.17@gmail.com", "is_staff": false, "is_active": true, "date_joined": "2016-10-20T01:05:05.792Z", "groups": [], "user_permissions": []}},
 {"model": "auth.user", "pk": 20, "fields": {"password": "", "last_login": null, "is_superuser": false, "username": "ralph.reynolds.18", "first_name": "Ralph", "last_name": "Reynolds", "email": "ralph.reynolds.18@gmail.com", "is_staff": false, "is_active": true, "date_joined": "2016-10-20T01:05:05.846Z", "groups": [], "user_permissions": []}},
 {"model": "auth.user", "pk": 21, "fields": {"password": "", "last_login": null, "is_superuser": false, "username": "jacqueline.evans.19", "first_name": "Jacqueline", "last_name": "Evans", "email": "jacqueline.evans.19@gmail.com", "is_staff": false, "is_active": true, "date_joined": "2016-10-20T01:05:05.901Z", "groups": [], "user_permissions": []}},
 {"model": "auth.user", "pk": 22, "fields": {"password": "", "last_login": null, "is_superuser": false, "username": "ryan.soto.20", "first_name": "Ryan", "last_name": "Soto", "email": "ryan.soto.20@gmail.com", "is_staff": false, "is_active": true, "date_joined": "2016-10-20T01:05:05.956Z", "groups": [], "user_permissions": []}},
 {"model": "auth.user", "pk": 23, "fields": {"password": "", "last_login": null, "is_superuser": false, "username": "catherine.kent.21", "first_name": "Catherine", "last_name": "Kent", "email": "catherine.kent.21@gmail.com", "is_staff": false, "is_active": true, "date_joined": "2016-10-20T01:05:06.011Z", "groups": [], "user_permissions": []}},
 {"model": "auth.user", "pk": 24, "fields": {"password": "", "last_login": null, "is_superuser": false, "username": "maria.sims.22", "first_name": "Maria", "last_name": "Sims", "email": "maria.sims.22@gmail.com", "is_staff": false, "is_active": true, "date_joined": "2016-10-20T01:05:06.065Z", "groups": [], "user_permissions": []}},
 {"model": "auth.user", "pk": 25, "fields": {"password": "", "last_login": null, "is_superuser": false, "username": "brittany.lucero.23", "first_name": "Brittany", "last_name": "Lucero", "email": "brittany.lucero.23@gmail.com", "is_staff": false, "is_active": true, "date_joined": "2016-10-20T01:05:06.119Z", "groups": [], "user_permissions": []}},
 {"model": "auth.user", "pk": 26, "fields": {"password": "", "last_login": null, "is_superuser": false, "username": "natalie.lambert.24", "first_name": "Natalie", "last_name": "Lambert", "email": "natalie.lambert.24@gmail.com", "is_staff": false, "is_active": true, "date_joined": "2016-10-20T01:05:06.173Z", "groups": [], "user_permissions": []}},
 {"model": "auth.user", "pk": 27, "fields": {"password": "", "last_login": null, "is_superuser": false, "username": "theresa.palmer.25", "first_name": "Theresa", "last_name": "Palmer", "email": "theresa.palmer.25@gmail.com", "is_staff": false, "is_active": true, "date_joined": "2016-10-20T01:05:06.227Z", "groups": [], "user_permissions": []}},
 {"model": "auth.user", "pk": 28, "fields": {"password": "", "last_login": null, "is_superuser": false, "username": "richard.brady.26", "first_name": "Richard", "last_name": "Brady", "email": "richard.brady.26@gmail.com", "is_staff": false, "is_active": true, "date_joined": "2016-10-20T01:05:06.282Z", "groups": [], "user_permissions": []}},
 {"model": "auth.user", "pk": 29, "fields": {"password": "", "last_login": null, "is_superuser": false, "username": "laura.robertson.27", "first_name": "Laura", "last_name": "Robertson", "email": "laura.robertson.27@gmail.com", "is_staff": false, "is_active": true, "date_joined": "2016-10-20T01:05:06.339Z", "groups": [], "user_permissions": []}},
 {"model": "auth.user", "pk": 30, "fields": {"password": "", "last_login": null, "is_superuser": false, "username": "daniel.young.28", "first_name": "Daniel", "last_name": "Young", "email": "daniel.young.28@gmail.com", "is_staff": false, "is_active": true, "date_joined": "2016-10-20T01:05:06.404Z", "groups": [], "user_permissions": []}},
 {"model": "auth.user", "pk": 31, "fields": {"password": "", "last_login": null, "is_superuser": false, "username": "robert.dean.29", "first_name": "Robert", "last_name": "Dean", "email": "robert.dean.29@gmail.com", "is_staff": false, "is_active": true, "date_joined": "2016-10-20T01:05:06.476Z", "groups": [], "user_permissions": []}},
 {"model": "auth.user", "pk": 32, "fields": {"password": "", "last_login": null, "is_superuser": false, "username": "john.wright.30", "first_name": "John", "last_name": "Wright", "email": "john.wright.30@gmail.com", "is_staff": false, "is_active": true, "date_joined": "2016-10-20T01:05:06.532Z", "groups": [], "user_permissions": []}},
 {"model": "auth.user", "pk": 33, "fields": {"password": "", "last_login": null, "is_superuser": false, "username": "nicole.hughes.31", "first_name": "Nicole", "last_name": "Hughes", "email": "nicole.hughes.31@gmail.com", "is_staff": false, "is_active": true, "date_joined": "2016-10-20T01:05:06.586Z", "groups": [], "user_permissions": []}},
 {"model": "auth.user", "pk": 34, "fields": {"password": "", "last_login": null, "is_superuser": false, "username": "matthew.mcclain.32", "first_name": "Matthew", "last_name": "Mcclain", "email": "matthew.mcclain.32@gmail.com", "is_staff": false, "is_active": true, "date_joined": "2016-10-20T01:05:06.645Z", "groups": [], "user_permissions": []}},
 {"model": "auth.user", "pk": 35, "fields": {"password": "", "last_login": null, "is_superuser": false, "username": "janet.hansen.33", "first_name": "Janet", "last_name": "Hansen", "email": "janet.hansen.33@gmail.com", "is_staff": false, "is_active": true, "date_joined": "2016-10-20T01:05:06.701Z", "groups": [], "user_permissions": []}},
 {"model": "auth.user", "pk": 36, "fields": {"password": "", "last_login": null, "is_superuser": false, "username": "eugene.white.34", "first_name": "Eugene", "last_name": "White", "email": "eugene.white.34@gmail.com", "is_staff": false, "is_active": true, "date_joined": "2016-10-20T01:05:06.764Z", "groups": [], "user_permissions": []}},
 {"model": "auth.user", "pk": 37, "fields": {"password": "", "last_login": null, "is_superuser": false, "username": "justin.fuentes.35", "first_name": "Justin", "last_name": "Fuentes", "email": "justin.fuentes.35@gmail.com", "is_staff": false, "is_active": true, "date_joined": "2016-10-20T01:05:06.820Z", "groups": [], "user_permissions": []}},
 {"model": "auth.user", "pk": 38, "fields": {"password": "", "last_login": null, "is_superuser": false, "username": "eddie.hall.36", "first_name": "Eddie", "last_name": "Hall", "email": "eddie.hall.36@gmail.com", "is_staff": false, "is_active": true, "date_joined": "2016-10-20T01:05:06.875Z", "groups": [], "user_permissions": []}},
 {"model": "auth.user", "pk": 39, "fields": {"password": "", "last_login": null, "is_superuser": false, "username": "sarah.lee.37", "first_name": "Sarah", "last_name": "Lee", "email": "sarah.lee.37@gmail.com", "is_staff": false, "is_active": true, "date_joined": "2016-10-20T01:05:06.936Z", "groups": [], "user_permissions": []}},
 {"model": "auth.user", "pk": 40, "fields": {"password": "", "last_login": null, "is_superuser": false, "username": "john.alexander.38", "first_name": "John", "last_name": "Alexander", "email": "john.alexander.38@gmail.com", "is_staff": false, "is_active": true, "date_joined": "2016-10-20T01:05:06.990Z", "groups": [], "user_permissions": []}},
 {"model": "auth.user", "pk": 41, "fields": {"password": "", "last_login": null, "is_superuser": false, "username": "evan.alexander.39", "first_name": "Evan", "last_name": "Alexander", "email": "evan.alexander.39@gmail.com", "is_staff": false, "is_active": true, "date_joined": "2016-10-20T01:05:07.046Z", "groups": [], "user_permissions": []}},
 {"model": "auth.user", "pk": 42, "fields": {"password": "", "last_login": null, "is_superuser": false, "username": "stanley.gardner.40", "first_name": "Stanley", "last_name": "Gardner", "email": "stanley.gardner.40@gmail.com", "is_staff": false, "is_active": true, "date_joined": "2016-10-20T01:05:07.105Z", "groups": [], "user_permissions": []}},
 {"model": "auth.user", "pk": 43, "fields": {"password": "", "last_login": null, "is_superuser": false, "username": "lindsey.holloway.41", "first_name": "Lindsey", "last_name": "Holloway", "email": "lindsey.holloway.41@gmail.com", "is_staff": false, "is_active": true, "date_joined": "2016-10-20T01:05:07.161Z", "groups": [], "user_permissions": []}},
 {"model": "auth.user", "pk": 44, "fields": {"password": "", "last_login": null, "is_superuser": false, "username": "john.copeland.42", "first_name": "John", "last_name": "Copeland", "email": "john.copeland.42@gmail.com", "is_staff": false, "is_active": true, "date_joined": "2016-10-20T01:05:07.216Z", "groups": [], "user_permissions": []}},
 {"model": "auth.user", "pk": 45, "fields": {"password": "", "last_login": null, "is_superuser": false, "username": "sheila.duke.43", "first_name": "Sheila", "last_name": "Duke", "email": "sheila.duke.43@gmail.com", "is_staff": false, "is_active": true, "date_joined": "2016-10-20T01:05:07.270Z", "groups": [], "user_permissions": []}},
 {"model": "auth.user", "pk": 46, "fields": {"password": "", "last_login": null, "is_superuser": false, "username": "jonathan.ritter.44", "first_name": "Jonathan", "last_name": "Ritter", "email": "jonathan.ritter.44@gmail.com", "is_staff": false, "is_active": true, "date_joined": "2016-10-20T01:05:07.323Z", "groups": [], "user_permissions": []}},
 {"model": "auth.user", "pk": 47, "fields": {"password": "", "last_login": null, "is_superuser": false, "username": "manuel.flowers.45", "first_name": "Manuel", "last_name": "Flowers", "email": "manuel.flowers.45@gmail.com", "is_staff": false, "is_active": true, "date_joined": "2016-10-20T01:05:07.389Z", "groups": [], "user_permissions": []}},
 {"model": "auth.user", "pk": 48, "fields": {"password": "", "last_login": null, "is_superuser": false, "username": "matthew.mosley.46", "first_name": "Matthew", "last_name": "Mosley", "email": "matthew.mosley.46@gmail.com", "is_staff": false, "is_active": true, "date_joined": "2016-10-20T01:05:07.454Z", "groups": [], "user_permissions": []}},
 {"model": "auth.user", "pk": 49, "fields": {"password": "", "last_login": null, "is_superuser": false, "username": "nicholas.haynes.47", "first_name": "Nicholas", "last_name": "Haynes", "email": "nicholas.haynes.47@gmail.com", "is_staff": false, "is_active": true, "date_joined": "2016-10-20T01:05:07.508Z", "groups": [], "user_permissions": []}},
 {"model": "auth.user", "pk": 50, "fields": {"password": "", "last_login": null, "is_superuser": false, "username": "eddie.aguirre.48", "first_name": "Eddie", "last_name": "Aguirre", "email": "eddie.aguirre.48@gmail.com", "is_staff": false, "is_active": true, "date_joined": "2016-10-20T01:05:07.563Z", "groups": [], "user_permissions": []}},
 {"model": "auth.user", "pk": 51, "fields": {"password": "", "last_login": null, "is_superuser": false, "username": "jason.perez.49", "first_name": "Jason", "last_name": "Perez", "email": "jason.perez.49@gmail.com", "is_staff": false, "is_active": true, "date_joined": "2016-10-20T01:05:07.627Z", "groups": [], "user_permissions": []}},
 {"model": "auth.user", "pk": 52, "fields": {"password": "", "last_login": null, "is_superuser": false, "username": "kimberly.shelton.50", "first_name": "Kimberly", "last_name": "Shelton", "email": "kimberly.shelton.50@gmail.com", "is_staff": false, "is_active": true, "date_joined": "2016-10-20T01:05:07.690Z", "groups": [], "user_permissions": []}},
 {"model": "auth.user", "pk": 53, "fields": {"password": "", "last_login": null, "is_superuser": false, "username": "matthew.ruiz.51", "first_name": "Matthew", "last_name": "Ruiz", "email": "matthew.ruiz.51@gmail.com", "is_staff": false, "is_active": true, "date_joined": "2016-10-20T01:05:07.745Z", "groups": [], "user_permissions": []}},
 {"model": "auth.user", "pk": 54, "fields": {"password": "", "last_login": null, "is_superuser": false, "username": "johnny.knight.52", "first_name": "Johnny", "last_name": "Knight", "email": "johnny.knight.52@gmail.com", "is_staff": false, "is_active": true, "date_joined": "2016-10-20T01:05:07.805Z", "groups": [], "user_permissions": []}},
 {"model": "auth.user", "pk": 55, "fields": {"password": "", "last_login": null, "is_superuser": false, "username": "richard.hansen.53", "first_name": "Richard", "last_name": "Hansen", "email": "richard.hansen.53@gmail.com", "is_staff": false, "is_active": true, "date_joined": "2016-10-20T01:05:07.864Z", "groups": [], "user_permissions": []}},
 {"model": "auth.user", "pk": 56, "fields": {"password": "", "last_login": null, "is_superuser": false, "username": "kimberly.anderson.54", "first_name": "Kimberly", "last_name": "Anderson", "email": "kimberly.anderson.54@gmail.com", "is_staff": false, "is_active": true, "date_joined": "2016-10-20T01:05:07.919Z", "groups": [], "user_permissions": []}},
 {"model": "auth.user", "pk": 57, "fields": {"password": "", "last_login": null, "is_superuser": false, "username": "clarence.crosby.55", "first_name": "Clarence", "last_name": "Crosby", "email": "clarence.crosby.55@gmail.com", "is_staff": false, "is_active": true, "date_joined": "2016-10-20T01:05:07.972Z", "groups": [], "user_permissions": []}},
 {"model": "auth.user", "pk": 58, "fields": {"password": "", "last_login": null, "is_superuser": false, "username": "julie.brown.56", "first_name": "Julie", "last_name": "Brown", "email": "julie.brown.56@gmail.com", "is_staff": false, "is_active": true, "date_joined": "2016-10-20T01:05:08.026Z", "groups": [], "user_permissions": []}},
 {"model": "auth.user", "pk": 59, "fields": {"password": "", "last_login": null, "is_superuser": false, "username": "aaron.young.57", "first_name": "Aaron", "last_name": "Young", "email": "aaron.young.57@gmail.com", "is_staff": false, "is_active": true, "date_joined": "2016-10-20T01:05:08.081Z", "groups": [], "user_permissions": []}},
 {"model": "auth.user", "pk": 60, "fields": {"password": "", "last_login": null, "is_superuser": false, "username": "dwayne.rich.58", "first_name": "Dwayne", "last_name": "Rich", "email": "dwayne.rich.58@gmail.com", "is_staff": false, "is_active": true, "date_joined": "2016-10-20T01:05:08.139Z", "groups": [], "user_permissions": []}},
 {"model": "auth.user", "pk": 61, "fields": {"password": "", "last_login": null, "is_superuser": false, "username": "brian.martin.59", "first_name": "Brian", "last_name": "Martin", "email": "brian.martin.59@gmail.com", "is_staff": false, "is_active": true, "date_joined": "2016-10-20T01:05:08.200Z", "groups": [], "user_permissions": []}},
 {"model": "auth.user", "pk": 62, "fields": {"password": "", "last_login": null, "is_superuser": false, "username": "mary.stewart.60", "first_name": "Mary", "last_name": "Stewart", "email": "mary.stewart.60@gmail.com", "is_staff": false, "is_active": true, "date_joined": "2016-10-20T01:05:08.261Z", "groups": [], "user_permissions": []}},
 {"model": "auth.user", "pk": 63, "fields": {"password": "", "last_login": null, "is_superuser": false, "username": "justin.lyons.61", "first_name": "Justin", "last_name": "Lyons", "email": "justin.lyons.61@gmail.com", "is_staff": false, "is_active": true, "date_joined": "2016-10-20T01:05:08.318Z", "groups": [], "user_permissions": []}},
 {"model": "auth.user", "pk": 64, "fields": {"password": "", "last_login": null, "is_superuser": false, "username": "kevin.contreras.62", "first_name": "Kevin", "last_name": "Contreras", "email": "kevin.contreras.62@gmail.com", "is_staff": false, "is_active": true, "date_joined": "2016-10-20T01:05:08.376Z", "groups": [], "user_permissions": []}},
 {"model": "auth.user", "pk": 65, "fields": {"password": "", "last_login": null, "is_superuser": false, "username": "anthony.taylor.63", "first_name": "Anthony", "last_name": "Taylor", "email": "anthony.taylor.63@gmail.com", "is_staff": false, "is_active": true, "date_joined": "2016-10-20T01:05:08.444Z", "groups": [], "user_permissions": []}},
 {"model": "auth.user", "pk": 66, "fields": {"password": "", "last_login": null, "is_superuser": false, "username": "william.henry.64", "first_name": "William", "last_name": "Henry", "email": "william.henry.64@gmail.com", "is_staff": false, "is_active": true, "date_joined": "2016-10-20T01:05:08.503Z", "groups": [], "user_permissions": []}},
 {"model": "auth.user", "pk": 67, "fields": {"password": "", "last_login": null, "is_superuser": false, "username": "william.wilson.65", "first_name": "William", "last_name": "Wilson", "email": "william.wilson.65@gmail.com", "is_staff": false, "is_active": true, "date_joined": "2016-10-20T01:05:08.563Z", "groups": [], "user_permissions": []}},
 {"model": "auth.user", "pk": 68, "fields": {"password": "", "last_login": null, "is_superuser": false, "username": "david.todd.66", "first_name": "David", "last_name": "Todd", "email": "david.todd.66@gmail.com", "is_staff": false, "is_active": true, "date_joined": "2016-10-20T01:05:08.618Z", "groups": [], "user_permissions": []}},
 {"model": "auth.user", "pk": 69, "fields": {"password": "", "last_login": null, "is_superuser": false, "username": "amanda.mcclure.67", "first_name": "Amanda", "last_name": "Mcclure", "email": "amanda.mcclure.67@gmail.com", "is_staff": false, "is_active": true, "date_joined": "2016-10-20T01:05:08.672Z", "groups": [], "user_permissions": []}},
 {"model": "auth.user", "pk": 70, "fields": {"password": "", "last_login": null, "is_superuser": false, "username": "james.carroll.68", "first_name": "James", "last_name": "Carroll", "email": "james.carroll.68@gmail.com", "is_staff": false, "is_active": true, "date_joined": "2016-10-20T01:05:08.726Z", "groups": [], "user_permissions": []}},
 {"model": "auth.user", "pk": 71, "fields": {"password": "", "last_login": null, "is_superuser": false, "username": "james.smith.69", "first_name": "James", "last_name": "Smith", "email": "james.smith.69@gmail.com", "is_staff": false, "is_active": true, "date_joined": "2016-10-20T01:05:08.781Z", "groups": [], "user_permissions": []}},
 {"model": "auth.user", "pk": 72, "fields": {"password": "", "last_login": null, "is_superuser": false, "username": "james.sharp.70", "first_name": "James", "last_name": "Sharp", "email": "james.sharp.70@gmail.com", "is_staff": false, "is_active": true, "date_joined": "2016-10-20T01:05:08.836Z", "groups": [], "user_permissions": []}},
 {"model": "auth.user", "pk": 73, "fields": {"password": "", "last_login": null, "is_superuser": false, "username": "destiny.hubbard.71", "first_name": "Destiny", "last_name": "Hubbard", "email": "destiny.hubbard.71@gmail.com", "is_staff": false, "is_active": true, "date_joined": "2016-10-20T01:05:08.892Z", "groups": [], "user_permissions": []}},
 {"model": "auth.user", "pk": 74, "fields": {"password": "", "last_login": null, "is_superuser": false, "username": "ian.riley.72", "first_name": "Ian", "last_name": "Riley", "email": "ian.riley.72@gmail.com", "is_staff": false, "is_active": true, "date_joined": "2016-10-20T01:05:08.947Z", "groups": [], "user_permissions": []}},
 {"model": "auth.user", "pk": 75, "fields": {"password": "", "last_login": null, "is_superuser": false, "username": "laura.valenzuela.73", "first_name": "Laura", "last_name": "Valenzuela", "email": "laura.valenzuela.73@gmail.com", "is_staff": false, "is_active": true, "date_joined": "2016-10-20T01:05:09.000Z", "groups": [], "user_permissions": []}},
 {"model": "auth.user", "pk": 76, "fields": {"password": "", "last_login": null, "is_superuser": false, "username": "gina.franklin.74", "first_name": "Gina", "last_name": "Franklin", "email": "gina.franklin.74@gmail.com", "is_staff": false, "is_active": true, "date_joined": "2016-10-20T01:05:09.054Z", "groups": [], "user_permissions": []}},
 {"model": "auth.user", "pk": 77, "fields": {"password": "", "last_login": null, "is_superuser": false, "username": "leslie.gonzalez.75", "first_name": "Leslie", "last_name": "Gonzalez", "email": "leslie.gonzalez.75@gmail.com", "is_staff": false, "is_active": true, "date_joined": "2016-10-20T01:05:09.107Z", "groups": [], "user_permissions": []}},
 {"model": "auth.user", "pk": 78, "fields": {"password": "", "last_login": null, "is_superuser": false, "username": "julia.paul.76", "first_name": "Julia", "last_name": "Paul", "email": "julia.paul.76@gmail.com", "is_staff": false, "is_active": true, "date_joined": "2016-10-20T01:05:09.162Z", "groups": [], "user_permissions": []}},
 {"model": "auth.user", "pk": 79, "fields": {"password": "", "last_login": null, "is_superuser": false, "username": "joel.harrell.77", "first_name": "Joel", "last_name": "Harrell", "email": "joel.harrell.77@gmail.com", "is_staff": false, "is_active": true, "date_joined": "2016-10-20T01:05:09.216Z", "groups": [], "user_permissions": []}},
 {"model": "auth.user", "pk": 80, "fields": {"password": "", "last_login": null, "is_superuser": false, "username": "linda.santiago.78", "first_name": "Linda", "last_name": "Santiago", "email": "linda.santiago.78@gmail.com", "is_staff": false, "is_active": true, "date_joined": "2016-10-20T01:05:09.270Z", "groups": [], "user_permissions": []}},
 {"model": "auth.user", "pk": 81, "fields": {"password": "", "last_login": null, "is_superuser": false, "username": "kiara.kline.79", "first_name": "Kiara", "last_name": "Kline", "email": "kiara.kline.79@gmail.com", "is_staff": false, "is_active": true, "date_joined": "2016-10-20T01:05:09.323Z", "groups": [], "user_permissions": []}},
 {"model": "auth.user", "pk": 82, "fields": {"password": "", "last_login": null, "is_superuser": false, "username": "adam.baldwin.80", "first_name": "Adam", "last_name": "Baldwin", "email": "adam.baldwin.80@gmail.com", "is_staff": false, "is_active": true, "date_joined": "2016-10-20T01:05:09.384Z", "groups": [], "user_permissions": []}},
 {"model": "auth.user", "pk": 83, "fields": {"password": "", "last_login": null, "is_superuser": false, "username": "jennifer.case.81", "first_name": "Jennifer", "last_name": "Case", "email": "jennifer.case.81@gmail.com", "is_staff": false, "is_active": true, "date_joined": "2016-10-20T01:05:09.455Z", "groups": [], "user_permissions": []}},
 {"model": "auth.user", "pk": 84, "fields": {"password": "", "last_login": null, "is_superuser": false, "username": "darrell.collins.82", "first_name": "Darrell", "last_name": "Collins", "email": "darrell.collins.82@gmail.com", "is_staff": false, "is_active": true, "date_joined": "2016-10-20T01:05:09.511Z", "groups": [], "user_permissions": []}},
 {"model": "auth.user", "pk": 85, "fields": {"password": "", "last_login": null, "is_superuser": false, "username": "michael.kirby.83", "first_name": "Michael", "last_name": "Kirby", "email": "michael.kirby.83@gmail.com", "is_staff": false, "is_active": true, "date_joined": "2016-10-20T01:05:09.572Z", "groups": [], "user_permissions": []}},
 {"model": "auth.user", "pk": 86, "fields": {"password": "", "last_login": null, "is_superuser": false, "username": "daniel.soto.84", "first_name": "Daniel", "last_name": "Soto", "email": "daniel.soto.84@gmail.com", "is_staff": false, "is_active": true, "date_joined": "2016-10-20T01:05:09.630Z", "groups": [], "user_permissions": []}},
 {"model": "auth.user", "pk": 87, "fields": {"password": "", "last_login": null, "is_superuser": false, "username": "danielle.stanley.85", "first_name": "Danielle", "last_name": "Stanley", "email": "danielle.stanley.85@gmail.com", "is_staff": false, "is_active": true, "date_joined": "2016-10-20T01:05:09.684Z", "groups": [], "user_permissions": []}},
 {"model": "auth.user", "pk": 88, "fields": {"password": "", "last_login": null, "is_superuser": false, "username": "thomas.reynolds.86", "first_name": "Thomas", "last_name": "Reynolds", "email": "thomas.reynolds.86@gmail.com", "is_staff": false, "is_active": true, "date_joined": "2016-10-20T01:05:09.738Z", "groups": [], "user_permissions": []}},
 {"model": "auth.user", "pk": 89, "fields": {"password": "", "last_login": null, "is_superuser": false, "username": "jeffrey.oliver.87", "first_name": "Jeffrey", "last_name": "Oliver", "email": "jeffrey.oliver.87@gmail.com", "is_staff": false, "is_active": true, "date_joined": "2016-10-20T01:05:09.791Z", "groups": [], "user_permissions": []}},
 {"model": "auth.user", "pk": 90, "fields": {"password": "", "last_login": null, "is_superuser": false, "username": "sheila.little.88", "first_name": "Sheila", "last_name": "Little", "email": "sheila.little.88@gmail.com", "is_staff": false, "is_active": true, "date_joined": "2016-10-20T01:05:09.845Z", "groups": [], "user_permissions": []}},
 {"model": "auth.user", "pk": 91, "fields": {"password": "", "last_login": null, "is_superuser": false, "username": "kimberly.anderson.89", "first_name": "Kimberly", "last_name": "Anderson", "email": "kimberly.anderson.89@gmail.com", "is_staff": false, "is_active": true, "date_joined": "2016-10-20T01:05:09.899Z", "groups": [], "user_permissions": []}},
 {"model": "auth.user", "pk": 92, "fields": {"password": "", "last_login": null, "is_superuser": false, "username": "timothy.mora.90", "first_name": "Timothy", "last_name": "Mora", "email": "timothy.mora.90@gmail.com", "is_staff": false, "is_active": true, "date_joined": "2016-10-20T01:05:09.952Z", "groups": [], "user_permissions": []}},
 {"model": "auth.user", "pk": 93, "fields": {"password": "", "last_login": null, "is_superuser": false, "username": "brittany.wall.91", "first_name": "Brittany", "last_name": "Wall", "email": "brittany.wall.91@gmail.com", "is_staff": false, "is_active": true, "date_joined": "2016-10-20T01:05:10.011Z", "groups": [], "user_permissions": []}},
 {"model": "auth.user", "pk": 94, "fields": {"password": "", "last_login": null, "is_superuser": false, "username": "nicole.mcfarland.92", "first_name": "Nicole", "last_name": "Mcfarland", "email": "nicole.mcfarland.92@gmail.com", "is_staff": false, "is_active": true, "date_joined": "2016-10-20T01:05:10.067Z", "groups": [], "user_permissions": []}},
 {"model": "auth.user", "pk": 95, "fields": {"password": "", "last_login": null, "is_superuser": false, "username": "hannah.yu.93", "first_name": "Hannah", "last_name": "Yu", "email": "hannah.yu.93@gmail.com", "is_staff": false, "is_active": true, "date_joined": "2016-10-20T01:05:10.125Z", "groups": [], "user_permissions": []}},
 {"model": "auth.user", "pk": 96, "fields": {"password": "", "last_login": null, "is_superuser": false, "username": "connie.skinner.94", "first_name": "Connie", "last_name": "Skinner", "email": "connie.skinner.94@gmail.com", "is_staff": false, "is_active": true, "date_joined": "2016-10-20T01:05:10.178Z", "groups": [], "user_permissions": []}},
 {"model": "auth.user", "pk": 97, "fields": {"password": "", "last_login": null, "is_superuser": false, "username": "monique.page.95", "first_name": "Monique", "last_name": "Page", "email": "monique.page.95@gmail.com", "is_staff": false, "is_active": true, "date_joined": "2016-10-20T01:05:10.231Z", "groups": [], "user_permissions": []}},
 {"model": "auth.user", "pk": 98, "fields": {"password": "", "last_login": null, "is_superuser": false, "username": "crystal.acosta.96", "first_name": "Crystal", "last_name": "Acosta", "email": "crystal.acosta.96@gmail.com", "is_staff": false, "is_active": true, "date_joined": "2016-10-20T01:05:10.284Z", "groups": [], "user_permissions": []}},
 {"model": "auth.user", "pk": 99, "fields": {"password": "", "last_login": null, "is_superuser": false, "username": "marie.blake.97", "first_name": "Marie", "last_name": "Blake", "email": "marie.blake.97@gmail.com", "is_staff": false, "is_active": true, "date_joined": "2016-10-20T01:05:10.343Z", "groups": [], "user_permissions": []}},
 {"model": "auth.user", "pk": 100, "fields": {"password": "", "last_login": null, "is_superuser": false, "username": "jenny.watson.98", "first_name": "Jenny", "last_name": "Watson", "email": "jenny.watson.98@gmail.com", "is_staff": false, "is_active": true, "date_joined": "2016-10-20T01:05:10.406Z", "groups": [], "user_permissions": []}},
 {"model": "auth.user", "pk": 101, "fields": {"password": "", "last_login": null, "is_superuser": false, "username": "richard.garrett.99", "first_name": "Richard", "last_name": "Garrett", "email": "richard.garrett.99@gmail.com", "is_staff": false, "is_active": true, "date_joined": "2016-10-20T01:05:10.472Z", "groups": [], "user_permissions": []}},
 {"model": "social_auth.usersocialauth", "pk": 1, "fields": {"user": 2, "provider": "Facebook", "uid": "0", "extra_data": "{\"access_token\": \"1234\"}"}},
 {"model": "social_auth.usersocialauth", "pk": 2, "fields": {"user": 3, "provider": "Facebook", "uid": "1", "extra_data": "{\"access_token\": \"1234\"}"}},
 {"model": "social_auth.usersocialauth", "pk": 3, "fields": {"user": 4, "provider": "Facebook", "uid": "2", "extra_data": "{\"access_token\": \"1234\"}"}},
 {"model": "social_auth.usersocialauth", "pk": 4, "fields": {"user": 5, "provider": "Facebook", "uid": "3", "extra_data": "{\"access_token\": \"1234\"}"}},
 {"model": "social_auth.usersocialauth", "pk": 5, "fields": {"user": 6, "provider": "Facebook", "uid": "4", "extra_data": "{\"access_token\": \"1234\"}"}},
 {"model": "social_auth.usersocialauth", "pk": 6, "fields": {"user": 7, "provider": "Facebook", "uid": "5", "extra_data": "{\"access_token\": \"1234\"}"}},
 {"model": "social_auth.usersocialauth", "pk": 7, "fields": {"user": 8, "provider": "Facebook", "uid": "6", "extra_data": "{\"access_token\": \"1234\"}"}},
 {"model": "social_auth.usersocialauth", "pk": 8, "fields": {"user": 9, "provider": "Facebook", "uid": "7", "extra_data": "{\"access_token\": \"1234\"}"}},
 {"model": "social_auth.usersocialauth", "pk": 9, "fields": {"user": 10, "provider": "Facebook", "uid": "8", "extra_data": "{\"access_token\": \"1234\"}"}},
 {"model": "social_auth.usersocialauth", "pk": 10, "fields": {"user": 11, "provider": "Facebook", "uid": "9", "extra_data": "{\"access_token\": \"1234\"}"}},
 {"model": "social_auth.usersocialauth", "pk": 11, "fields": {"user": 12, "provider": "Facebook", "uid": "10", "extra_data": "{\"access_token\": \"1234\"}"}},
 {"model": "social_auth.usersocialauth", "pk": 12, "fields": {"user": 13, "provider": "Facebook", "uid": "11", "extra_data": "{\"access_token\": \"1234\"}"}},
 {"model": "social_auth.usersocialauth", "pk": 13, "fields": {"user": 14, "provider": "Facebook", "uid": "12", "extra_data": "{\"access_token\": \"1234\"}"}},
 {"model": "social_auth.usersocialauth", "pk": 14, "fields": {"user": 15, "provider": "Facebook", "uid": "13", "extra_data": "{\"access_token\": \"1234\"}"}},
 {"model": "social_auth.usersocialauth", "pk": 15, "fields": {"user": 16, "provider": "Facebook", "uid": "14", "extra_data": "{\"access_token\": \"1234\"}"}},
 {"model": "social_auth.usersocialauth", "pk": 16, "fields": {"user": 17, "provider": "Facebook", "uid": "15", "extra_data": "{\"access_token\": \"1234\"}"}},
 {"model": "social_auth.usersocialauth", "pk": 17, "fields": {"user": 18, "provider": "Facebook", "uid": "16", "extra_data": "{\"access_token\": \"1234\"}"}},
 {"model": "social_auth.usersocialauth", "pk": 18, "fields": {"user": 19, "provider": "Facebook", "uid": "17", "extra_data": "{\"access_token\": \"1234\"}"}},
 {"model": "social_auth.usersocialauth", "pk": 19, "fields": {"user": 20, "provider": "Facebook", "uid": "18", "extra_data": "{\"access_token\": \"1234\"}"}},
 {"model": "social_auth.usersocialauth", "pk": 20, "fields": {"user": 21, "provider": "Facebook", "uid": "19", "extra_data": "{\"access_token\": \"1234\"}"}},
 {"model": "social_auth.usersocialauth", "pk": 21, "fields": {"user": 22, "provider": "Facebook", "uid": "20", "extra_data": "{\"access_token\": \"1234\"}"}},
 {"model": "social_auth.usersocialauth", "pk": 22, "fields": {"user": 23, "provider": "Facebook", "uid": "21", "extra_data": "{\"access_token\": \"1234\"}"}},
 {"model": "social_auth.usersocialauth", "pk": 23, "fields": {"user": 24, "provider": "Facebook", "uid": "22", "extra_data": "{\"access_token\": \"1234\"}"}},
 {"model": "social_auth.usersocialauth", "pk": 24, "fields": {"user": 25, "provider": "Facebook", "uid": "23", "extra_data": "{\"access_token\": \"1234\"}"}},
 {"model": "social_auth.usersocialauth", "pk": 25, "fields": {"user": 26, "provider": "Facebook", "uid": "24", "extra_data": "{\"access_token\": \"1234\"}"}},
 {"model": "social_auth.usersocialauth", "pk": 26, "fields": {"user": 27, "provider": "Facebook", "uid": "25", "extra_data": "{\"access_token\": \"1234\"}"}},
 {"model": "social_auth.usersocialauth", "pk": 27, "fields": {"user": 28, "provider": "Facebook", "uid": "26", "extra_data": "{\"access_token\": \"1234\"}"}},
 {"model": "social_auth.usersocialauth", "pk": 28, "fields": {"user": 29, "provider": "Facebook", "uid": "27", "extra_data": "{\"access_token\": \"1234\"}"}},
 {"model": "social_auth.usersocialauth", "pk": 29, "fields": {"user": 30, "provider": "Facebook", "uid": "28", "extra_data": "{\"access_token\": \"1234\"}"}},
 {"model": "social_auth.usersocialauth", "pk": 30, "fields": {"user": 31, "provider": "Facebook", "uid": "29", "extra_data": "{\"access_token\": \"1234\"}"}},
 {"model": "social_auth.usersocialauth", "pk": 31, "fields": {"user": 32, "provider": "Facebook", "uid": "30", "extra_data": "{\"access_token\": \"1234\"}"}},
 {"model": "social_auth.usersocialauth", "pk": 32, "fields": {"user": 33, "provider": "Facebook", "uid": "31", "extra_data": "{\"access_token\": \"1234\"}"}},
 {"model": "social_auth.usersocialauth", "pk": 33, "fields": {"user": 34, "provider": "Facebook", "uid": "32", "extra_data": "{\"access_token\": \"1234\"}"}},
 {"model": "social_auth.usersocialauth", "pk": 34, "fields": {"user": 35, "provider": "Facebook", "uid": "33", "extra_data": "{\"access_token\": \"1234\"}"}},
 {"model": "social_auth.usersocialauth", "pk": 35, "fields": {"user": 36, "provider": "Facebook", "uid": "34", "extra_data": "{\"access_token\": \"1234\"}"}},
 {"model": "social_auth.usersocialauth", "pk": 36, "fields": {"user": 37, "provider": "Facebook", "uid": "35", "extra_data": "{\"access_token\": \"1234\"}"}},
 {"model": "social_auth.usersocialauth", "pk": 37, "fields": {"user": 38, "provider": "Facebook", "uid": "36", "extra_data": "{\"access_token\": \"1234\"}"}},
 {"model": "social_auth.usersocialauth", "pk": 38, "fields": {"user": 39, "provider": "Facebook", "uid": "37", "extra_data": "{\"access_token\": \"1234\"}"}},
 {"model": "social_auth.usersocialauth", "pk": 39, "fields": {"user": 40, "provider": "Facebook", "uid": "38", "extra_data": "{\"access_token\": \"1234\"}"}},
 {"model": "social_auth.usersocialauth", "pk": 40, "fields": {"user": 41, "provider": "Facebook", "uid": "39", "extra_data": "{\"access_token\": \"1234\"}"}},
 {"model": "social_auth.usersocialauth", "pk": 41, "fields": {"user": 42, "provider": "Facebook", "uid": "40", "extra_data": "{\"access_token\": \"1234\"}"}},
 {"model": "social_auth.usersocialauth", "pk": 42, "fields": {"user": 43, "provider": "Facebook", "uid": "41", "extra_data": "{\"access_token\": \"1234\"}"}},
 {"model": "social_auth.usersocialauth", "pk": 43, "fields": {"user": 44, "provider": "Facebook", "uid": "42", "extra_data": "{\"access_token\": \"1234\"}"}},
 {"model": "social_auth.usersocialauth", "pk": 44, "fields": {"user": 45, "provider": "Facebook", "uid": "43", "extra_data": "{\"access_token\": \"1234\"}"}},
 {"model": "social_auth.usersocialauth", "pk": 45, "fields": {"user": 46, "provider": "Facebook", "uid": "44", "extra_data": "{\"access_token\": \"1234\"}"}},
 {"model": "social_auth.usersocialauth", "pk": 46, "fields": {"user": 47, "provider": "Facebook", "uid": "45", "extra_data": "{\"access_token\": \"1234\"}"}},
 {"model": "social_auth.usersocialauth", "pk": 47, "fields": {"user": 48, "provider": "Facebook", "uid": "46", "extra_data": "{\"access_token\": \"1234\"}"}},
 {"model": "social_auth.usersocialauth", "pk": 48, "fields": {"user": 49, "provider": "Facebook", "uid": "47", "extra_data": "{\"access_token\": \"1234\"}"}},
 {"model": "social_auth.usersocialauth", "pk": 49, "fields": {"user": 50, "provider": "Facebook", "uid": "48", "extra_data": "{\"access_token\": \"1234\"}"}},
 {"model": "social_auth.usersocialauth", "pk": 50, "fields": {"user": 51, "provider": "Facebook", "uid": "49", "extra_data": "{\"access_token\": \"1234\"}"}},
 {"model": "social_auth.usersocialauth", "pk": 51, "fields": {"user": 52, "provider": "Facebook", "uid": "50", "extra_data": "{\"access_token\": \"1234\"}"}},
 {"model": "social_auth.usersocialauth", "pk": 52, "fields": {"user": 53, "provider": "Facebook", "uid": "51", "extra_data": "{\"access_token\": \"1234\"}"}},
 {"model": "social_auth.usersocialauth", "pk": 53, "fields": {"user": 54, "provider": "Facebook", "uid": "52", "extra_data": "{\"access_token\": \"1234\"}"}},
 {"model": "social_auth.usersocialauth", "pk": 54, "fields": {"user": 55, "provider": "Facebook", "uid": "53", "extra_data": "{\"access_token\": \"1234\"}"}},
 {"model": "social_auth.usersocialauth", "pk": 55, "fields": {"user": 56, "provider": "Facebook", "uid": "54", "extra_data": "{\"access_token\": \"1234\"}"}},
 {"model": "social_auth.usersocialauth", "pk": 56, "fields": {"user": 57, "provider": "Facebook", "uid": "55", "extra_data": "{\"access_token\": \"1234\"}"}},
 {"model": "social_auth.usersocialauth", "pk": 57, "fields": {"user": 58, "provider": "Facebook", "uid": "56", "extra_data": "{\"access_token\": \"1234\"}"}},
 {"model": "social_auth.usersocialauth", "pk": 58, "fields": {"user": 59, "provider": "Facebook", "uid": "57", "extra_data": "{\"access_token\": \"1234\"}"}},
 {"model": "social_auth.usersocialauth", "pk": 59, "fields": {"user": 60, "provider": "Facebook", "uid": "58", "extra_data": "{\"access_token\": \"1234\"}"}},
 {"model": "social_auth.usersocialauth", "pk": 60, "fields": {"user": 61, "provider": "Facebook", "uid": "59", "extra_data": "{\"access_token\": \"1234\"}"}},
 {"model": "social_auth.usersocialauth", "pk": 61, "fields": {"user": 62, "provider": "Facebook", "uid": "60", "extra_data": "{\"access_token\": \"1234\"}"}},
 {"model": "social_auth.usersocialauth", "pk": 62, "fields": {"user": 63, "provider": "Facebook", "uid": "61", "extra_data": "{\"access_token\": \"1234\"}"}},
 {"model": "social_auth.usersocialauth", "pk": 63, "fields": {"user": 64, "provider": "Facebook", "uid": "62", "extra_data": "{\"access_token\": \"1234\"}"}},
 {"model": "social_auth.usersocialauth", "pk": 64, "fields": {"user": 65, "provider": "Facebook", "uid": "63", "extra_data": "{\"access_token\": \"1234\"}"}},
 {"model": "social_auth.usersocialauth", "pk": 65, "fields": {"user": 66, "provider": "Facebook", "uid": "64", "extra_data": "{\"access_token\": \"1234\"}"}},
 {"model": "social_auth.usersocialauth", "pk": 66, "fields": {"user": 67, "provider": "Facebook", "uid": "65", "extra_data": "{\"access_token\": \"1234\"}"}},
 {"model": "social_auth.usersocialauth", "pk": 67, "fields": {"user": 68, "provider": "Facebook", "uid": "66", "extra_data": "{\"access_token\": \"1234\"}"}},
 {"model": "social_auth.usersocialauth", "pk": 68, "fields": {"user": 69, "provider": "Facebook", "uid": "67", "extra_data": "{\"access_token\": \"1234\"}"}},
 {"model": "social_auth.usersocialauth", "pk": 69, "fields": {"user": 70, "provider": "Facebook", "uid": "68", "extra_data": "{\"access_token\": \"1234\"}"}},
 {"model": "social_auth.usersocialauth", "pk": 70, "fields": {"user": 71, "provider": "Facebook", "uid": "69", "extra_data": "{\"access_token\": \"1234\"}"}},
 {"model": "social_auth.usersocialauth", "pk": 71, "fields": {"user": 72, "provider": "Facebook", "uid": "70", "extra_data": "{\"access_token\": \"1234\"}"}},
 {"model": "social_auth.usersocialauth", "pk": 72, "fields": {"user": 73, "provider": "Facebook", "uid": "71", "extra_data": "{\"access_token\": \"1234\"}"}},
 {"model": "social_auth.usersocialauth", "pk": 73, "fields": {"user": 74, "provider": "Facebook", "uid": "72", "extra_data": "{\"access_token\": \"1234\"}"}},
 {"model": "social_auth.usersocialauth", "pk": 74, "fields": {"user": 75, "provider": "Facebook", "uid": "73", "extra_data": "{\"access_token\": \"1234\"}"}},
 {"model": "social_auth.usersocialauth", "pk": 75, "fields": {"user": 76, "provider": "Facebook", "uid": "74", "extra_data": "{\"access_token\": \"1234\"}"}},
 {"model": "social_auth.usersocialauth", "pk": 76, "fields": {"user": 77, "provider": "Facebook", "uid": "75", "extra_data": "{\"access_token\": \"1234\"}"}},
 {"model": "social_auth.usersocialauth", "pk": 77, "fields": {"user": 78, "provider": "Facebook", "uid": "76", "extra_data": "{\"access_token\": \"1234\"}"}},
 {"model": "social_auth.usersocialauth", "pk": 78, "fields": {"user": 79, "provider": "Facebook", "uid": "77", "extra_data": "{\"access_token\": \"1234\"}"}},
 {"model": "social_auth.usersocialauth", "pk": 79, "fields": {"user": 80, "provider": "Facebook", "uid": "78", "extra_data": "{\"access_token\": \"1234\"}"}},
 {"model": "social_auth.usersocialauth", "pk": 80, "fields": {"user": 81, "provider": "Facebook", "uid": "79", "extra_data": "{\"access_token\": \"1234\"}"}},
 {"model": "social_auth.usersocialauth", "pk": 81, "fields": {"user": 82, "provider": "Facebook", "uid": "80", "extra_data": "{\"access_token\": \"1234\"}"}},
 {"model": "social_auth.usersocialauth", "pk": 82, "fields": {"user": 83, "provider": "Facebook", "uid": "81", "extra_data": "{\"access_token\": \"1234\"}"}},
 {"model": "social_auth.usersocialauth", "pk": 83, "fields": {"user": 84, "provider": "Facebook", "uid": "82", "extra_data": "{\"access_token\": \"1234\"}"}},
 {"model": "social_auth.usersocialauth", "pk": 84, "fields": {"user": 85, "provider": "Facebook", "uid": "83", "extra_data": "{\"access_token\": \"1234\"}"}},
 {"model": "social_auth.usersocialauth", "pk": 85, "fields": {"user": 86, "provider": "Facebook", "uid": "84", "extra_data": "{\"access_token\": \"1234\"}"}},
 {"model": "social_auth.usersocialauth", "pk": 86, "fields": {"user": 87, "provider": "Facebook", "uid": "85", "extra_data": "{\"access_token\": \"1234\"}"}},
 {"model": "social_auth.usersocialauth", "pk": 87, "fields": {"user": 88, "provider": "Facebook", "uid": "86", "extra_data": "{\"access_token\": \"1234\"}"}},
 {"model": "social_auth.usersocialauth", "pk": 88, "fields": {"user": 89, "provider": "Facebook", "uid": "87", "extra_data": "{\"access_token\": \"1234\"}"}},
 {"model": "social_auth.usersocialauth", "pk": 89, "fields": {"user": 90, "provider": "Facebook", "uid": "88", "extra_data": "{\"access_token\": \"1234\"}"}},
 {"model": "social_auth.usersocialauth", "pk": 90, "fields": {"user": 91, "provider": "Facebook", "uid": "89", "extra_data": "{\"access_token\": \"1234\"}"}},
 {"model": "social_auth.usersocialauth", "pk": 91, "fields": {"user": 92, "provider": "Facebook", "uid": "90", "extra_data": "{\"access_token\": \"1234\"}"}},
 {"model": "social_auth.usersocialauth", "pk": 92, "fields": {"user": 93, "provider": "Facebook", "uid": "91", "extra_data": "{\"access_token\": \"1234\"}"}},
 {"model": "social_auth.usersocialauth", "pk": 93, "fields": {"user": 94, "provider": "Facebook", "uid": "92", "extra_data": "{\"access_token\": \"1234\"}"}},
 {"model": "social_auth.usersocialauth", "pk": 94, "fields": {"user": 95, "provider": "Facebook", "uid": "93", "extra_data": "{\"access_token\": \"1234\"}"}},
 {"model": "social_auth.usersocialauth", "pk": 95, "fields": {"user": 96, "provider": "Facebook", "uid": "94", "extra_data": "{\"access_token\": \"1234\"}"}},
 {"model": "social_auth.usersocialauth", "pk": 96, "fields": {"user": 97, "provider": "Facebook", "uid": "95", "extra_data": "{\"access_token\": \"1234\"}"}},
 {"model": "social_auth.usersocialauth", "pk": 97, "fields": {"user": 98, "provider": "Facebook", "uid": "96", "extra_data": "{\"access_token\": \"1234\"}"}},
 {"model": "social_auth.usersocialauth", "pk": 98, "fields": {"user": 99, "provider": "Facebook", "uid": "97", "extra_data": "{\"access_token\": \"1234\"}"}},
 {"model": "social_auth.usersocialauth", "pk": 99, "fields": {"user": 100, "provider": "Facebook", "uid": "98", "extra_data": "{\"access_token\": \"1234\"}"}},
 {"model": "social_auth.usersocialauth", "pk": 100, "fields": {"user": 101, "provider": "Facebook", "uid": "99", "extra_data": "{\"access_token\": \"1234\"}"}},
 {"model": "users.profile", "pk": 1, "fields": {"user": 2, "fb_name": "Mary Woodard", "fb_id": "0", "state": "Alabama", "preferred_candidate": "Clinton", "reason": null, "allow_random": false, "_paired_with": [], "friends": [2, 3, 4, 5, 6, 7, 8, 9, 10]}},
 {"model": "users.profile", "pk": 2, "fields": {"user": 3, "fb_name": "Madeline Chavez", "fb_id": "1", "state": "Alaska", "preferred_candidate": "Johnson", "reason": null, "allow_random": false, "_paired_with": [], "friends": [1, 3, 4, 5, 6, 7, 8, 9, 10]}},
 {"model": "users.profile", "pk": 3, "fields": {"user": 4, "fb_name": "Daniel Mccoy", "fb_id": "2", "state": "Arizona", "preferred_candidate": "Stein", "reason": null, "allow_random": false, "_paired_with": [], "friends": [1, 2, 4, 5, 6, 7, 8, 9, 10]}},
 {"model": "users.profile", "pk": 4, "fields": {"user": 5, "fb_name": "Sean Johnson", "fb_id": "3", "state": "Arkansas", "preferred_candidate": "Clinton", "reason": null, "allow_random": false, "_paired_with": [], "friends": [1, 2, 3, 5, 6, 7, 8, 9, 10]}},
 {"model": "users.profile", "pk": 5, "fields": {"user": 6, "fb_name": "Jodi Morgan", "fb_id": "4", "state": "California", "preferred_candidate": "Stein", "reason": null, "allow_random": false, "_paired_with": [], "friends": [1, 2, 3, 4, 6, 7, 8, 9, 10]}},
 {"model": "users.profile", "pk": 6, "fields": {"user": 7, "fb_name": "Jennifer Rodriguez", "fb_id": "5", "state": "Colorado", "preferred_candidate": "Clinton", "reason": null, "allow_random": false, "_paired_with": [], "friends": [1, 2, 3, 4, 5, 7, 8, 9, 10]}},
 {"model": "users.profile", "pk": 7, "fields": {"user": 8, "fb_name": "Beth Smith", "fb_id": "6", "state": "Connecticut", "preferred_candidate": "Clinton", "reason": null, "allow_random": false, "_paired_with": [], "friends": [1, 2, 3, 4, 5, 6, 8, 9, 10, 52]}},
 {"model": "users.profile", "pk": 8, "fields": {"user": 9, "fb_name": "Denise Bryant", "fb_id": "7", "state": "Delaware", "preferred_candidate": "Clinton", "reason": null, "allow_random": false, "_paired_with": [], "friends": [1, 2, 3, 4, 5, 6, 7, 10, 83]}},
 {"model": "users.profile", "pk": 9, "fields": {"user": 10, "fb_name": "Richard Villa", "fb_id": "8", "state": "District of Columbia", "preferred_candidate": "Johnson", "reason": null, "allow_random": false, "_paired_with": [], "friends": [1, 2, 3, 4, 5, 6, 7, 10]}},
 {"model": "users.profile", "pk": 10, "fields": {"user": 11, "fb_name": "Rebecca West", "fb_id": "9", "state": "Florida", "preferred_candidate": "Johnson", "reason": null, "allow_random": false, "_paired_with": [], "friends": [1, 2, 3, 4, 5, 6, 7, 8, 9, 56]}},
 {"model": "users.profile", "pk": 11, "fields": {"user": 12, "fb_name": "Katrina Perez", "fb_id": "10", "state": "Georgia", "preferred_candidate": "Clinton", "reason": null, "allow_random": false, "_paired_with": [], "friends": [12, 13, 14, 15, 16, 17, 18, 19, 20]}},
 {"model": "users.profile", "pk": 12, "fields": {"user": 13, "fb_name": "John Anderson", "fb_id": "11", "state": "Hawaii", "preferred_candidate": "Johnson", "reason": null, "allow_random": false, "_paired_with": [], "friends": [11, 13, 14, 15, 16, 17, 18, 19, 20]}},
 {"model": "users.profile", "pk": 13, "fields": {"user": 14, "fb_name": "Carlos Wilson", "fb_id": "12", "state": "Idaho", "preferred_candidate": "Johnson", "reason": null, "allow_random": false, "_paired_with": [], "friends": [11, 12, 14, 15, 16, 17, 18, 19, 20, 28]}},
 {"model": "users.profile", "pk": 14, "fields": {"user": 15, "fb_name": "Mary Romero", "fb_id": "13", "state": "Illinois", "preferred_candidate": "Johnson", "reason": null, "allow_random": false, "_paired_with": [], "friends": [11, 12, 13, 15, 16, 17, 18, 19, 20]}},
 {"model": "users.profile", "pk": 15, "fields": {"user": 16, "fb_name": "James Collier", "fb_id": "14", "state": "Indiana", "preferred_candidate": "Stein", "reason": null, "allow_random": false, "_paired_with": [], "friends": [11, 12, 13, 14, 16, 17, 18, 19, 20]}},
 {"model": "users.profile", "pk": 16, "fields": {"user": 17, "fb_name": "Adam Rivers", "fb_id": "15", "state": "Iowa", "preferred_candidate": "Clinton", "reason": null, "allow_random": false, "_paired_with": [], "friends": [11, 12, 13, 14, 15, 17, 18, 19, 20]}},
 {"model": "users.profile", "pk": 17, "fields": {"user": 18, "fb_name": "Jenna Wolf", "fb_id": "16", "state": "Kansas", "preferred_candidate": "Clinton", "reason": null, "allow_random": false, "_paired_with": [], "friends": [11, 12, 13, 14, 15, 16, 18, 19, 20]}},
 {"model": "users.profile", "pk": 18, "fields": {"user": 19, "fb_name": "Angela Nelson", "fb_id": "17", "state": "Kentucky", "preferred_candidate": "Johnson", "reason": null, "allow_random": false, "_paired_with": [], "friends": [11, 12, 13, 14, 15, 16, 17, 19, 20, 51]}},
 {"model": "users.profile", "pk": 19, "fields": {"user": 20, "fb_name": "Ralph Reynolds", "fb_id": "18", "state": "Louisiana", "preferred_candidate": "Johnson", "reason": null, "allow_random": false, "_paired_with": [], "friends": [11, 12, 13, 14, 15, 16, 17, 18, 20]}},
 {"model": "users.profile", "pk": 20, "fields": {"user": 21, "fb_name": "Jacqueline Evans", "fb_id": "19", "state": "Maine", "preferred_candidate": "Stein", "reason": null, "allow_random": false, "_paired_with": [], "friends": [11, 12, 13, 14, 15, 16, 17, 18, 19, 46]}},
 {"model": "users.profile", "pk": 21, "fields": {"user": 22, "fb_name": "Ryan Soto", "fb_id": "20", "state": "Maryland", "preferred_candidate": "Stein", "reason": null, "allow_random": false, "_paired_with": [], "friends": [22, 23, 24, 25, 26, 27, 28, 29, 30]}},
 {"model": "users.profile", "pk": 22, "fields": {"user": 23, "fb_name": "Catherine Kent", "fb_id": "21", "state": "Massachusetts", "preferred_candidate": "Stein", "reason": null, "allow_random": false, "_paired_with": [], "friends": [21, 24, 25, 26, 27, 28, 29, 30, 90]}},
 {"model": "users.profile", "pk": 23, "fields": {"user": 24, "fb_name": "Maria Sims", "fb_id": "22", "state": "Michigan", "preferred_candidate": "Stein", "reason": null, "allow_random": false, "_paired_with": [], "friends": [21, 24, 25, 26, 27, 28, 29, 30]}},
 {"model": "users.profile", "pk": 24, "fields": {"user": 25, "fb_name": "Brittany Lucero", "fb_id": "23", "state": "Minnesota", "preferred_candidate": "Johnson", "reason": null, "allow_random": false, "_paired_with": [], "friends": [21, 22, 23, 25, 26, 27, 28, 29, 30]}},
 {"model": "users.profile", "pk": 25, "fields": {"user": 26, "fb_name": "Natalie Lambert", "fb_id": "24", "state": "Mississippi", "preferred_candidate": "Johnson", "reason": null, "allow_random": false, "_paired_with": [], "friends": [21, 22, 23, 24, 26, 27, 28, 29, 30]}},
 {"model": "users.profile", "pk": 26, "fields": {"user": 27, "fb_name": "Theresa Palmer", "fb_id": "25", "state": "Missouri", "preferred_candidate": "Stein", "reason": null, "allow_random": false, "_paired_with": [], "friends": [21, 22, 23, 24, 25, 27, 29, 30, 44, 48]}},
 {"model": "users.profile", "pk": 27, "fields": {"user": 28, "fb_name": "Richard Brady", "fb_id": "26", "state": "Montana", "preferred_candidate": "Clinton", "reason": null, "allow_random": false, "_paired_with": [], "friends": [21, 22, 23, 24, 25, 26, 28, 29, 30]}},
 {"model": "users.profile", "pk": 28, "fields": {"user": 29, "fb_name": "Laura Robertson", "fb_id": "27", "state": "Nebraska", "preferred_candidate": "Stein", "reason": null, "allow_random": false, "_paired_with": [], "friends": [13, 21, 22, 23, 24, 25, 27, 30]}},
 {"model": "users.profile", "pk": 29, "fields": {"user": 30, "fb_name": "Daniel Young", "fb_id": "28", "state": "Nevada", "preferred_candidate": "Stein", "reason": null, "allow_random": false, "_paired_with": [], "friends": [21, 22, 23, 24, 25, 26, 27, 37]}},
 {"model": "users.profile", "pk": 30, "fields": {"user": 31, "fb_name": "Robert Dean", "fb_id": "29", "state": "New Hampshire", "preferred_candidate": "Stein", "reason": null, "allow_random": false, "_paired_with": [], "friends": [21, 22, 23, 24, 25, 26, 27, 28]}},
 {"model": "users.profile", "pk": 31, "fields": {"user": 32, "fb_name": "John Wright", "fb_id": "30", "state": "New Jersey", "preferred_candidate": "Johnson", "reason": null, "allow_random": false, "_paired_with": [], "friends": [32, 33, 34, 35, 36, 37, 38, 39, 40]}},
 {"model": "users.profile", "pk": 32, "fields": {"user": 33, "fb_name": "Nicole Hughes", "fb_id": "31", "state": "New Mexico", "preferred_candidate": "Clinton", "reason": null, "allow_random": false, "_paired_with": [], "friends": [31, 33, 34, 35, 36, 38, 39, 40, 46, 53]}},
 {"model": "users.profile", "pk": 33, "fields": {"user": 34, "fb_name": "Matthew Mcclain", "fb_id": "32", "state": "New York", "preferred_candidate": "Clinton", "reason": null, "allow_random": false, "_paired_with": [], "friends": [31, 32, 34, 35, 36, 38, 39, 40, 67]}},
 {"model": "users.profile", "pk": 34, "fields": {"user": 35, "fb_name": "Janet Hansen", "fb_id": "33", "state": "North Carolina", "preferred_candidate": "Clinton", "reason": null, "allow_random": false, "_paired_with": [], "friends": [31, 32, 33, 35, 36, 37, 38, 39, 90]}},
 {"model": "users.profile", "pk": 35, "fields": {"user": 36, "fb_name": "Eugene White", "fb_id": "34", "state": "North Dakota", "preferred_candidate": "Johnson", "reason": null, "allow_random": false, "_paired_with": [], "friends": [31, 32, 33, 34, 36, 37, 38, 39, 40]}},
 {"model": "users.profile", "pk": 36, "fields": {"user": 37, "fb_name": "Justin Fuentes", "fb_id": "35", "state": "Ohio", "preferred_candidate": "Johnson", "reason": null, "allow_random": false, "_paired_with": [], "friends": [31, 32, 33, 34, 35, 37, 38, 39, 40]}},
 {"model": "users.profile", "pk": 37, "fields": {"user": 38, "fb_name": "Eddie Hall", "fb_id": "36", "state": "Oklahoma", "preferred_candidate": "Johnson", "reason": null, "allow_random": false, "_paired_with": [], "friends": [29, 31, 34, 35, 36, 38, 39, 40]}},
 {"model": "users.profile", "pk": 38, "fields": {"user": 39, "fb_name": "Sarah Lee", "fb_id": "37", "state": "Oregon", "preferred_candidate": "Stein", "reason": null, "allow_random": false, "_paired_with": [], "friends": [31, 32, 33, 34, 35, 36, 37, 39, 40]}},
 {"model": "users.profile", "pk": 39, "fields": {"user": 40, "fb_name": "John Alexander", "fb_id": "38", "state": "Pennsylvania", "preferred_candidate": "Stein", "reason": null, "allow_random": false, "_paired_with": [], "friends": [31, 32, 33, 34, 35, 36, 37, 38, 40]}},
 {"model": "users.profile", "pk": 40, "fields": {"user": 41, "fb_name": "Evan Alexander", "fb_id": "39", "state": "Rhode Island", "preferred_candidate": "Clinton", "reason": null, "allow_random": false, "_paired_with": [], "friends": [31, 32, 33, 35, 36, 37, 38, 39]}},
 {"model": "users.profile", "pk": 41, "fields": {"user": 42, "fb_name": "Stanley Gardner", "fb_id": "40", "state": "South Carolina", "preferred_candidate": "Stein", "reason": null, "allow_random": false, "_paired_with": [], "friends": [42, 43, 44, 45, 46, 47, 48, 49, 50]}},
 {"model": "users.profile", "pk": 42, "fields": {"user": 43, "fb_name": "Lindsey Holloway", "fb_id": "41", "state": "South Dakota", "preferred_candidate": "Clinton", "reason": null, "allow_random": false, "_paired_with": [], "friends": [41, 43, 44, 45, 46, 47, 48, 49, 50]}},
 {"model": "users.profile", "pk": 43, "fields": {"user": 44, "fb_name": "John Copeland", "fb_id": "42", "state": "Tennessee", "preferred_candidate": "Johnson", "reason": null, "allow_random": false, "_paired_with": [], "friends": [41, 42, 44, 45, 46, 47, 48, 49, 50, 95]}},
 {"model": "users.profile", "pk": 44, "fields": {"user": 45, "fb_name": "Sheila Duke", "fb_id": "43", "state": "Texas", "preferred_candidate": "Johnson", "reason": null, "allow_random": false, "_paired_with": [], "friends": [26, 41, 42, 43, 45, 46, 47, 48, 49, 50]}},
 {"model": "users.profile", "pk": 45, "fields": {"user": 46, "fb_name": "Jonathan Ritter", "fb_id": "44", "state": "Utah", "preferred_candidate": "Stein", "reason": null, "allow_random": false, "_paired_with": [], "friends": [41, 42, 43, 44, 46, 47, 48, 49, 50]}},
 {"model": "users.profile", "pk": 46, "fields": {"user": 47, "fb_name": "Manuel Flowers", "fb_id": "45", "state": "Vermont", "preferred_candidate": "Stein", "reason": null, "allow_random": false, "_paired_with": [], "friends": [20, 32, 41, 42, 43, 44, 45, 47, 48, 50]}},
 {"model": "users.profile", "pk": 47, "fields": {"user": 48, "fb_name": "Matthew Mosley", "fb_id": "46", "state": "Virginia", "preferred_candidate": "Johnson", "reason": null, "allow_random": false, "_paired_with": [], "friends": [41, 42, 43, 44, 45, 46, 48, 49, 50]}},
 {"model": "users.profile", "pk": 48, "fields": {"user": 49, "fb_name": "Nicholas Haynes", "fb_id": "47", "state": "Washington", "preferred_candidate": "Stein", "reason": null, "allow_random": false, "_paired_with": [], "friends": [26, 41, 42, 43, 44, 45, 46, 47, 49]}},
 {"model": "users.profile", "pk": 49, "fields": {"user": 50, "fb_name": "Eddie Aguirre", "fb_id": "48", "state": "West Virginia", "preferred_candidate": "Stein", "reason": null, "allow_random": false, "_paired_with": [], "friends": [41, 42, 43, 44, 45, 47, 48, 50]}},
 {"model": "users.profile", "pk": 50, "fields": {"user": 51, "fb_name": "Jason Perez", "fb_id": "49", "state": "Wisconsin", "preferred_candidate": "Stein", "reason": null, "allow_random": false, "_paired_with": [], "friends": [41, 42, 43, 44, 45, 46, 47, 49]}},
 {"model": "users.profile", "pk": 51, "fields": {"user": 52, "fb_name": "Kimberly Shelton", "fb_id": "50", "state": "Wyoming", "preferred_candidate": "Stein", "reason": null, "allow_random": false, "_paired_with": [], "friends": [18, 52, 53, 54, 55, 57, 58, 59, 60]}},
 {"model": "users.profile", "pk": 52, "fields": {"user": 53, "fb_name": "Matthew Ruiz", "fb_id": "51", "state": "Alabama", "preferred_candidate": "Clinton", "reason": null, "allow_random": false, "_paired_with": [], "friends": [7, 51, 53, 54, 55, 56, 57, 59, 60]}},
 {"model": "users.profile", "pk": 53, "fields": {"user": 54, "fb_name": "Johnny Knight", "fb_id": "52", "state": "Alaska", "preferred_candidate": "Stein", "reason": null, "allow_random": false, "_paired_with": [], "friends": [32, 51, 52, 54, 55, 56, 57, 59, 60]}},
 {"model": "users.profile", "pk": 54, "fields": {"user": 55, "fb_name": "Richard Hansen", "fb_id": "53", "state": "Arizona", "preferred_candidate": "Johnson", "reason": null, "allow_random": false, "_paired_with": [], "friends": [51, 52, 53, 55, 56, 57, 58, 59, 60]}},
 {"model": "users.profile", "pk": 55, "fields": {"user": 56, "fb_name": "Kimberly Anderson", "fb_id": "54", "state": "Arkansas", "preferred_candidate": "Stein", "reason": null, "allow_random": false, "_paired_with": [], "friends": [51, 52, 53, 54, 56, 57, 58, 59, 60]}},
 {"model": "users.profile", "pk": 56, "fields": {"user": 57, "fb_name": "Clarence Crosby", "fb_id": "55", "state": "California", "preferred_candidate": "Johnson", "reason": null, "allow_random": false, "_paired_with": [], "friends": [10, 52, 53, 54, 55, 58, 59, 60]}},
 {"model": "users.profile", "pk": 57, "fields": {"user": 58, "fb_name": "Julie Brown", "fb_id": "56", "state": "Colorado", "preferred_candidate": "Stein", "reason": null, "allow_random": false, "_paired_with": [], "friends": [51, 52, 53, 54, 55, 58, 59, 60]}},
 {"model": "users.profile", "pk": 58, "fields": {"user": 59, "fb_name": "Aaron Young", "fb_id": "57", "state": "Connecticut", "preferred_candidate": "Stein", "reason": null, "allow_random": false, "_paired_with": [], "friends": [51, 54, 55, 56, 57, 59, 60]}},
 {"model": "users.profile", "pk": 59, "fields": {"user": 60, "fb_name": "Dwayne Rich", "fb_id": "58", "state": "Delaware", "preferred_candidate": "Clinton", "reason": null, "allow_random": false, "_paired_with": [], "friends": [51, 52, 53, 54, 55, 56, 57, 58, 60]}},
 {"model": "users.profile", "pk": 60, "fields": {"user": 61, "fb_name": "Brian Martin", "fb_id": "59", "state": "District of Columbia", "preferred_candidate": "Stein", "reason": null, "allow_random": false, "_paired_with": [], "friends": [51, 52, 53, 54, 55, 56, 57, 58, 59]}},
 {"model": "users.profile", "pk": 61, "fields": {"user": 62, "fb_name": "Mary Stewart", "fb_id": "60", "state": "Florida", "preferred_candidate": "Johnson", "reason": null, "allow_random": false, "_paired_with": [], "friends": [62, 63, 64, 65, 66, 67, 68, 69, 70]}},
 {"model": "users.profile", "pk": 62, "fields": {"user": 63, "fb_name": "Justin Lyons", "fb_id": "61", "state": "Georgia", "preferred_candidate": "Clinton", "reason": null, "allow_random": false, "_paired_with": [], "friends": [61, 63, 64, 65, 66, 67, 68, 69, 70]}},
 {"model": "users.profile", "pk": 63, "fields": {"user": 64, "fb_name": "Kevin Contreras", "fb_id": "62", "state": "Hawaii", "preferred_candidate": "Johnson", "reason": null, "allow_random": false, "_paired_with": [], "friends": [61, 62, 65, 66, 67, 68, 69, 70, 82]}},
 {"model": "users.profile", "pk": 64, "fields": {"user": 65, "fb_name": "Anthony Taylor", "fb_id": "63", "state": "Idaho", "preferred_candidate": "Clinton", "reason": null, "allow_random": false, "_paired_with": [], "friends": [61, 62, 65, 66, 67, 68, 69, 70]}},
 {"model": "users.profile", "pk": 65, "fields": {"user": 66, "fb_name": "William Henry", "fb_id": "64", "state": "Illinois", "preferred_candidate": "Johnson", "reason": null, "allow_random": false, "_paired_with": [], "friends": [61, 62, 63, 64, 66, 67, 68, 69, 70]}},
 {"model": "users.profile", "pk": 66, "fields": {"user": 67, "fb_name": "William Wilson", "fb_id": "65", "state": "Indiana", "preferred_candidate": "Clinton", "reason": null, "allow_random": false, "_paired_with": [], "friends": [61, 62, 63, 64, 65, 67, 68, 69, 70]}},
 {"model": "users.profile", "pk": 67, "fields": {"user": 68, "fb_name": "David Todd", "fb_id": "66", "state": "Iowa", "preferred_candidate": "Stein", "reason": null, "allow_random": false, "_paired_with": [], "friends": [33, 61, 62, 63, 64, 65, 66, 68, 69, 70]}},
 {"model": "users.profile", "pk": 68, "fields": {"user": 69, "fb_name": "Amanda Mcclure", "fb_id": "67", "state": "Kansas", "preferred_candidate": "Stein", "reason": null, "allow_random": false, "_paired_with": [], "friends": [61, 62, 63, 64, 65, 66, 67, 69, 70]}},
 {"model": "users.profile", "pk": 69, "fields": {"user": 70, "fb_name": "James Carroll", "fb_id": "68", "state": "Kentucky", "preferred_candidate": "Johnson", "reason": null, "allow_random": false, "_paired_with": [], "friends": [61, 62, 63, 64, 65, 66, 67, 68, 70]}},
 {"model": "users.profile", "pk": 70, "fields": {"user": 71, "fb_name": "James Smith", "fb_id": "69", "state": "Louisiana", "preferred_candidate": "Clinton", "reason": null, "allow_random": false, "_paired_with": [], "friends": [61, 62, 63, 64, 65, 66, 67, 68, 69]}},
 {"model": "users.profile", "pk": 71, "fields": {"user": 72, "fb_name": "James Sharp", "fb_id": "70", "state": "Maine", "preferred_candidate": "Stein", "reason": null, "allow_random": false, "_paired_with": [], "friends": [72, 73, 74, 76, 77, 78, 79, 80, 94]}},
 {"model": "users.profile", "pk": 72, "fields": {"user": 73, "fb_name": "Destiny Hubbard", "fb_id": "71", "state": "Maryland", "preferred_candidate": "Johnson", "reason": null, "allow_random": false, "_paired_with": [], "friends": [71, 73, 74, 75, 76, 77, 78, 79, 80]}},
 {"model": "users.profile", "pk": 73, "fields": {"user": 74, "fb_name": "Ian Riley", "fb_id": "72", "state": "Massachusetts", "preferred_candidate": "Stein", "reason": null, "allow_random": false, "_paired_with": [], "friends": [71, 72, 74, 75, 76, 77, 78, 79, 80]}},
 {"model": "users.profile", "pk": 74, "fields": {"user": 75, "fb_name": "Laura Valenzuela", "fb_id": "73", "state": "Michigan", "preferred_candidate": "Johnson", "reason": null, "allow_random": false, "_paired_with": [], "friends": [71, 72, 73, 75, 76, 77, 79, 80, 81]}},
 {"model": "users.profile", "pk": 75, "fields": {"user": 76, "fb_name": "Gina Franklin", "fb_id": "74", "state": "Minnesota", "preferred_candidate": "Stein", "reason": null, "allow_random": false, "_paired_with": [], "friends": [72, 73, 74, 76, 77, 78, 79, 80]}},
 {"model": "users.profile", "pk": 76, "fields": {"user": 77, "fb_name": "Leslie Gonzalez", "fb_id": "75", "state": "Mississippi", "preferred_candidate": "Johnson", "reason": null, "allow_random": false, "_paired_with": [], "friends": [71, 72, 73, 74, 75, 77, 78, 79, 80]}},
 {"model": "users.profile", "pk": 77, "fields": {"user": 78, "fb_name": "Julia Paul", "fb_id": "76", "state": "Missouri", "preferred_candidate": "Johnson", "reason": null, "allow_random": false, "_paired_with": [], "friends": [71, 72, 73, 74, 75, 76, 78, 79, 80]}},
 {"model": "users.profile", "pk": 78, "fields": {"user": 79, "fb_name": "Joel Harrell", "fb_id": "77", "state": "Montana", "preferred_candidate": "Clinton", "reason": null, "allow_random": false, "_paired_with": [], "friends": [71, 72, 73, 75, 76, 77, 79, 80]}},
 {"model": "users.profile", "pk": 79, "fields": {"user": 80, "fb_name": "Linda Santiago", "fb_id": "78", "state": "Nebraska", "preferred_candidate": "Clinton", "reason": null, "allow_random": false, "_paired_with": [], "friends": [71, 72, 73, 74, 75, 76, 77, 78, 80]}},
 {"model": "users.profile", "pk": 80, "fields": {"user": 81, "fb_name": "Kiara Kline", "fb_id": "79", "state": "Nevada", "preferred_candidate": "Stein", "reason": null, "allow_random": false, "_paired_with": [], "friends": [71, 72, 73, 74, 75, 76, 77, 78, 79]}},
 {"model": "users.profile", "pk": 81, "fields": {"user": 82, "fb_name": "Adam Baldwin", "fb_id": "80", "state": "New Hampshire", "preferred_candidate": "Stein", "reason": null, "allow_random": false, "_paired_with": [], "friends": [74, 82, 83, 84, 85, 86, 87, 88, 89, 90]}},
 {"model": "users.profile", "pk": 82, "fields": {"user": 83, "fb_name": "Jennifer Case", "fb_id": "81", "state": "New Jersey", "preferred_candidate": "Clinton", "reason": null, "allow_random": false, "_paired_with": [], "friends": [63, 81, 83, 84, 85, 86, 87, 88, 89, 90]}},
 {"model": "users.profile", "pk": 83, "fields": {"user": 84, "fb_name": "Darrell Collins", "fb_id": "82", "state": "New Mexico", "preferred_candidate": "Stein", "reason": null, "allow_random": false, "_paired_with": [], "friends": [8, 81, 82, 84, 85, 86, 87, 88, 89, 90]}},
 {"model": "users.profile", "pk": 84, "fields": {"user": 85, "fb_name": "Michael Kirby", "fb_id": "83", "state": "New York", "preferred_candidate": "Stein", "reason": null, "allow_random": false, "_paired_with": [], "friends": [81, 82, 83, 85, 86, 87, 88, 89, 90]}},
 {"model": "users.profile", "pk": 85, "fields": {"user": 86, "fb_name": "Daniel Soto", "fb_id": "84", "state": "North Carolina", "preferred_candidate": "Stein", "reason": null, "allow_random": false, "_paired_with": [], "friends": [81, 82, 83, 84, 86, 87, 88, 89, 90]}},
 {"model": "users.profile", "pk": 86, "fields": {"user": 87, "fb_name": "Danielle Stanley", "fb_id": "85", "state": "North Dakota", "preferred_candidate": "Stein", "reason": null, "allow_random": false, "_paired_with": [], "friends": [81, 82, 83, 84, 85, 87, 88, 89, 90]}},
 {"model": "users.profile", "pk": 87, "fields": {"user": 88, "fb_name": "Thomas Reynolds", "fb_id": "86", "state": "Ohio", "preferred_candidate": "Stein", "reason": null, "allow_random": false, "_paired_with": [], "friends": [81, 82, 83, 84, 85, 86, 88, 89, 90]}},
 {"model": "users.profile", "pk": 88, "fields": {"user": 89, "fb_name": "Jeffrey Oliver", "fb_id": "87", "state": "Oklahoma", "preferred_candidate": "Stein", "reason": null, "allow_random": false, "_paired_with": [], "friends": [81, 82, 83, 84, 85, 86, 87, 89, 90]}},
 {"model": "users.profile", "pk": 89, "fields": {"user": 90, "fb_name": "Sheila Little", "fb_id": "88", "state": "Oregon", "preferred_candidate": "Clinton", "reason": null, "allow_random": false, "_paired_with": [], "friends": [81, 82, 83, 84, 85, 86, 87, 88, 90]}},
 {"model": "users.profile", "pk": 90, "fields": {"user": 91, "fb_name": "Kimberly Anderson", "fb_id": "89", "state": "Pennsylvania", "preferred_candidate": "Stein", "reason": null, "allow_random": false, "_paired_with": [], "friends": [22, 34, 81, 82, 83, 84, 85, 86, 87, 88, 89]}},
 {"model": "users.profile", "pk": 91, "fields": {"user": 92, "fb_name": "Timothy Mora", "fb_id": "90", "state": "Rhode Island", "preferred_candidate": "Stein", "reason": null, "allow_random": false, "_paired_with": [], "friends": [92, 93, 94, 95, 96, 97, 98, 99, 100]}},
 {"model": "users.profile", "pk": 92, "fields": {"user": 93, "fb_name": "Brittany Wall", "fb_id": "91", "state": "South Carolina", "preferred_candidate": "Stein", "reason": null, "allow_random": false, "_paired_with": [], "friends": [91, 93, 94, 95, 96, 97, 98, 99, 100]}},
 {"model": "users.profile", "pk": 93, "fields": {"user": 94, "fb_name": "Nicole Mcfarland", "fb_id": "92", "state": "South Dakota", "preferred_candidate": "Stein", "reason": null, "allow_random": false, "_paired_with": [], "friends": [91, 92, 94, 95, 96, 97, 98, 99, 100]}},
 {"model": "users.profile", "pk": 94, "fields": {"user": 95, "fb_name": "Hannah Yu", "fb_id": "93", "state": "Tennessee", "preferred_candidate": "Stein", "reason": null, "allow_random": false, "_paired_with": [], "friends": [71, 91, 92, 93, 95, 96, 97, 98, 99, 100]}},
 {"model": "users.profile", "pk": 95, "fields": {"user": 96, "fb_name": "Connie Skinner", "fb_id": "94", "state": "Texas", "preferred_candidate": "Stein", "reason": null, "allow_random": false, "_paired_with": [], "friends": [43, 91, 92, 93, 94, 96, 97, 98, 100]}},
 {"model": "users.profile", "pk": 96, "fields": {"user": 97, "fb_name": "Monique Page", "fb_id": "95", "state": "Utah", "preferred_candidate": "Stein", "reason": null, "allow_random": false, "_paired_with": [], "friends": [91, 92, 93, 94, 95, 97, 98, 99, 100]}},
 {"model": "users.profile", "pk": 97, "fields": {"user": 98, "fb_name": "Crystal Acosta", "fb_id": "96", "state": "Vermont", "preferred_candidate": "Stein", "reason": null, "allow_random": false, "_paired_with": [], "friends": [91, 92, 93, 94, 95, 96, 98, 99, 100]}},
 {"model": "users.profile", "pk": 98, "fields": {"user": 99, "fb_name": "Marie Blake", "fb_id": "97", "state": "Virginia", "preferred_candidate": "Stein", "reason": null, "allow_random": false, "_paired_with": [], "friends": [91, 92, 93, 94, 95, 96, 97, 99, 100]}},
 {"model": "users.profile", "pk": 99, "fields": {"user": 100, "fb_name": "Jenny Watson", "fb_id": "98", "state": "Washington", "preferred_candidate": "Stein", "reason": null, "allow_random": false, "_paired_with": [], "friends": [91, 92, 93, 94, 96, 97, 98, 100]}},
 {"model": "users.profile", "pk": 100, "fields": {"user": 101, "fb_name": "Richard Garrett", "fb_id": "99", "state": "West Virginia", "preferred_candidate": "Johnson", "reason": null, "allow_random": false, "_paired_with": [], "friends": [91, 92, 93, 94, 95, 96, 97, 98, 99]}}]